file_name,singer_id,type,name,range,vowel,authors_rank,duration(s)
Singer1_Effect_TunnelThroat_1.wav,1,Effect,TunnelThroat,-,-,C,"2,92266666666667"
Singer1_Effect_TunnelThroat_2.wav,1,Effect,TunnelThroat,-,-,C,"3,584"
Singer1_Effect_TunnelThroat_3.wav,1,Effect,TunnelThroat,-,-,C,"2,30933333333333"
Singer1_Effect_TunnelThroat_4.wav,1,Effect,TunnelThroat,-,-,C,"2,33933333333333"
Singer1_Effect_TunnelThroat_5.wav,1,Effect,TunnelThroat,-,-,C,"1,68533333333333"
Singer1_Other_DeathToBlack.wav,1,Other,-,-,-,-,"27,0986666666667"
Singer1_Other_GruiNonCup.wav,1,Other,-,-,-,-,"3,54133333333333"
Singer1_BlackShriek_Mid_a.wav,1,Technique,BlackShriek,Mid,a,A,"4,144"
Singer1_BlackShriek_Mid_i.wav,1,Technique,BlackShriek,Mid,i,A,"4,49333333333333"
Singer1_BlackShriek_Mid_lyrics.wav,1,Technique,BlackShriek,Mid,lyrics,A,"23,6733333333333"
Singer1_BlackShriek_Mid_u.wav,1,Technique,BlackShriek,Mid,u,A,"3,07166666666667"
Singer1_ClearVoice_High_a.wav,1,Technique,ClearVoice,High,a,A,"4,8"
Singer1_ClearVoice_High_i.wav,1,Technique,ClearVoice,High,i,A,"4,908"
Singer1_ClearVoice_High_lyrics.wav,1,Technique,ClearVoice,High,lyrics,A,"23,6986666666667"
Singer1_ClearVoice_High_u.wav,1,Technique,ClearVoice,High,u,A,"5,48333333333333"
Singer1_ClearVoice_Low_a.wav,1,Technique,ClearVoice,Low,a,A,"5,376"
Singer1_ClearVoice_Low_i.wav,1,Technique,ClearVoice,Low,i,A,"5,25866666666667"
Singer1_ClearVoice_Low_lyrics.wav,1,Technique,ClearVoice,Low,lyrics,A,"24,1333333333333"
Singer1_ClearVoice_Low_u.wav,1,Technique,ClearVoice,Low,u,A,"5,184"
Singer1_ClearVoice_Mid_a.wav,1,Technique,ClearVoice,Mid,a,A,"5,268"
Singer1_ClearVoice_Mid_i.wav,1,Technique,ClearVoice,Mid,i,A,"5,127"
Singer1_ClearVoice_Mid_lyrics.wav,1,Technique,ClearVoice,Mid,lyrics,A,"23,618"
Singer1_ClearVoice_Mid_u.wav,1,Technique,ClearVoice,Mid,u,A,"5,12166666666667"
Singer1_DeathGrowl_Low_a.wav,1,Technique,DeathGrowl,Low,a,A,"3,67466666666667"
Singer1_DeathGrowl_Low_i.wav,1,Technique,DeathGrowl,Low,i,A,"3,38666666666667"
Singer1_DeathGrowl_Low_lyrics.wav,1,Technique,DeathGrowl,Low,lyrics,A,"24,352"
Singer1_DeathGrowl_Low_u.wav,1,Technique,DeathGrowl,Low,u,A,"3,63666666666667"
Singer1_DeathGrowl_Mid_a.wav,1,Technique,DeathGrowl,Mid,a,A,"3,31733333333333"
Singer1_DeathGrowl_Mid_i.wav,1,Technique,DeathGrowl,Mid,i,A,"4,218"
Singer1_DeathGrowl_Mid_lyrics.wav,1,Technique,DeathGrowl,Mid,lyrics,A,"25,5013333333333"
Singer1_DeathGrowl_Mid_u.wav,1,Technique,DeathGrowl,Mid,u,A,"3,58666666666667"
Singer1_HardcoreScream_Mid_a.wav,1,Technique,HardcoreScream,Mid,a,C,"3,67666666666667"
Singer1_HardcoreScream_Mid_i.wav,1,Technique,HardcoreScream,Mid,i,C,"3,79666666666667"
Singer1_HardcoreScream_Mid_lyrics.wav,1,Technique,HardcoreScream,Mid,lyrics,C,"25,0686666666667"
Singer1_HardcoreScream_Mid_u.wav,1,Technique,HardcoreScream,Mid,u,C,"2,6355"
Singer2_Effect_TunnelThroat.wav,2,Effect,TunnelThroat,-,-,C,"5,15733333333333"
Singer2_Other_ScreamToGrowlToShriek.wav,2,Other,-,-,-,-,"14,3613333333333"
Singer2_BlackShriek_High_a.wav,2,Technique,BlackShriek,High,a,B,"3,38266666666667"
Singer2_BlackShriek_High_i.wav,2,Technique,BlackShriek,High,i,B,"3,212"
Singer2_BlackShriek_High_lyrics.wav,2,Technique,BlackShriek,High,lyrics,B,"14,0573333333333"
Singer2_BlackShriek_High_u.wav,2,Technique,BlackShriek,High,u,C,"3,305"
Singer2_BlackShriek_Mid_a.wav,2,Technique,BlackShriek,Mid,a,C,"3,84933333333333"
Singer2_BlackShriek_Mid_i.wav,2,Technique,BlackShriek,Mid,i,C,"3,83066666666667"
Singer2_BlackShriek_Mid_lyrics.wav,2,Technique,BlackShriek,Mid,lyrics,C,"13,8466666666667"
Singer2_BlackShriek_Mid_u.wav,2,Technique,BlackShriek,Mid,u,C,"3,124"
Singer2_ClearVoice_High_a.wav,2,Technique,ClearVoice,High,a,A,"4,96466666666667"
Singer2_ClearVoice_High_i.wav,2,Technique,ClearVoice,High,i,A,"5,01733333333333"
Singer2_ClearVoice_High_lyrics.wav,2,Technique,ClearVoice,High,lyrics,A,"14,2106666666667"
Singer2_ClearVoice_High_u.wav,2,Technique,ClearVoice,High,u,A,"5,02333333333333"
Singer2_ClearVoice_Low_a.wav,2,Technique,ClearVoice,Low,a,A,"5,01"
Singer2_ClearVoice_Low_a_2.wav,2,Technique,ClearVoice,Low,a,A,"5,05733333333333"
Singer2_ClearVoice_Low_i.wav,2,Technique,ClearVoice,Low,i,A,"4,88166666666667"
Singer2_ClearVoice_Low_i_2.wav,2,Technique,ClearVoice,Low,i,A,"4,928"
Singer2_ClearVoice_Low_lyrics.wav,2,Technique,ClearVoice,Low,lyrics,A,"14,144"
Singer2_ClearVoice_Low_lyrics_2.wav,2,Technique,ClearVoice,Low,lyrics,A,"14,048"
Singer2_ClearVoice_Low_u.wav,2,Technique,ClearVoice,Low,u,A,"4,86933333333333"
Singer2_ClearVoice_Low_u_2.wav,2,Technique,ClearVoice,Low,u,A,"4,92266666666667"
Singer2_ClearVoice_Mid_a.wav,2,Technique,ClearVoice,Mid,a,A,"4,84733333333333"
Singer2_ClearVoice_Mid_i.wav,2,Technique,ClearVoice,Mid,i,A,"4,95466666666667"
Singer2_ClearVoice_Mid_lyrics.wav,2,Technique,ClearVoice,Mid,lyrics,A,"14,1773333333333"
Singer2_ClearVoice_Mid_u.wav,2,Technique,ClearVoice,Mid,u,A,"4,84583333333333"
Singer2_DeathGrowl_Low_a.wav,2,Technique,DeathGrowl,Low,a,A,"5,00533333333333"
Singer2_DeathGrowl_Low_i.wav,2,Technique,DeathGrowl,Low,i,A,"4,956"
Singer2_DeathGrowl_Low_lyrics.wav,2,Technique,DeathGrowl,Low,lyrics,A,"13,9973333333333"
Singer2_DeathGrowl_Low_u.wav,2,Technique,DeathGrowl,Low,u,A,"5,00266666666667"
Singer2_DeathGrowl_Mid_a.wav,2,Technique,DeathGrowl,Mid,a,A,"4,98133333333333"
Singer2_DeathGrowl_Mid_i.wav,2,Technique,DeathGrowl,Mid,i,A,"4,962"
Singer2_DeathGrowl_Mid_lyrics.wav,2,Technique,DeathGrowl,Mid,lyrics,A,"14,2"
Singer2_DeathGrowl_Mid_u.wav,2,Technique,DeathGrowl,Mid,u,A,"4,92566666666667"
Singer2_GrindInhale_a.wav,2,Technique,GrindInhale,-,-,A,"4,93333333333333"
Singer2_GrindInhale_i.wav,2,Technique,GrindInhale,-,-,A,"4,96"
Singer2_GrindInhale_u.wav,2,Technique,GrindInhale,-,-,A,"4,84933333333333"
Singer2_HardcoreScream_High_a.wav,2,Technique,HardcoreScream,High,a,C,"4,364"
Singer2_HardcoreScream_High_i.wav,2,Technique,HardcoreScream,High,i,C,"4,27166666666667"
Singer2_HardcoreScream_High_lyrics.wav,2,Technique,HardcoreScream,High,lyrics,C,14
Singer2_HardcoreScream_High_u.wav,2,Technique,HardcoreScream,High,u,C,"3,857"
Singer2_HardcoreScream_Mid_a.wav,2,Technique,HardcoreScream,Mid,a,C,"4,904"
Singer2_HardcoreScream_Mid_i.wav,2,Technique,HardcoreScream,Mid,i,C,"4,90633333333333"
Singer2_HardcoreScream_Mid_lyrics.wav,2,Technique,HardcoreScream,Mid,lyrics,C,"13,8826666666667"
Singer2_HardcoreScream_Mid_u.wav,2,Technique,HardcoreScream,Mid,u,C,"4,912"
Singer3_Effect_PigSqueal.wav,3,Effect,PigSqueal,-,-,A,"9,648"
Singer3_Effect_TunnelThroat.wav,3,Effect,TunnelThroat,-,-,C,"7,85866666666667"
Singer3_Other_BeltedHigh_Mids.wav,3,Other,-,-,-,-,"11,2346666666667"
Singer3_Other_GrindInhale_cup.wav,3,Other,-,-,-,-,"43,2806666666667"
Singer3_Other_QuickSwitch.wav,3,Other,-,-,-,-,"14,688"
Singer3_BlackShriek_High_a.wav,3,Technique,BlackShriek,High,a,A,"4,17533333333333"
Singer3_BlackShriek_High_i.wav,3,Technique,BlackShriek,High,i,A,"4,70733333333333"
Singer3_BlackShriek_High_lyrics.wav,3,Technique,BlackShriek,High,lyrics,A,"12,088"
Singer3_BlackShriek_High_u.wav,3,Technique,BlackShriek,High,u,A,"4,636"
Singer3_BlackShriek_Mid_a.wav,3,Technique,BlackShriek,Mid,a,A,"4,76066666666667"
Singer3_BlackShriek_Mid_i.wav,3,Technique,BlackShriek,Mid,i,A,"4,78716666666667"
Singer3_BlackShriek_Mid_lyrics.wav,3,Technique,BlackShriek,Mid,lyrics,A,"12,9466666666667"
Singer3_BlackShriek_Mid_u.wav,3,Technique,BlackShriek,Mid,u,C,"4,94716666666667"
Singer3_ClearVoice_High_a.wav,3,Technique,ClearVoice,High,a,A,"4,96933333333333"
Singer3_ClearVoice_High_i.wav,3,Technique,ClearVoice,High,i,A,"4,94066666666667"
Singer3_ClearVoice_High_lyrics.wav,3,Technique,ClearVoice,High,lyrics,A,"14,3853333333333"
Singer3_ClearVoice_High_u.wav,3,Technique,ClearVoice,High,u,A,"5,16"
Singer3_ClearVoice_Low_a.wav,3,Technique,ClearVoice,Low,a,A,"5,05866666666667"
Singer3_ClearVoice_Low_i.wav,3,Technique,ClearVoice,Low,i,A,"5,03466666666667"
Singer3_ClearVoice_Low_lyrics.wav,3,Technique,ClearVoice,Low,lyrics,A,"13,8986666666667"
Singer3_ClearVoice_Low_u.wav,3,Technique,ClearVoice,Low,u,A,"5,23466666666667"
Singer3_ClearVoice_Mid_a.wav,3,Technique,ClearVoice,Mid,a,A,"5,44"
Singer3_ClearVoice_Mid_i.wav,3,Technique,ClearVoice,Mid,i,A,"5,55133333333333"
Singer3_ClearVoice_Mid_lyrics.wav,3,Technique,ClearVoice,Mid,lyrics,A,"15,2426666666667"
Singer3_ClearVoice_Mid_u.wav,3,Technique,ClearVoice,Mid,u,A,"5,57733333333333"
Singer3_DeathGrowl_Low_a.wav,3,Technique,DeathGrowl,Low,a,A,"4,68933333333333"
Singer3_DeathGrowl_Low_i.wav,3,Technique,DeathGrowl,Low,i,A,"4,84933333333333"
Singer3_DeathGrowl_Low_lyrics.wav,3,Technique,DeathGrowl,Low,lyrics,A,"13,8186666666667"
Singer3_DeathGrowl_Low_u.wav,3,Technique,DeathGrowl,Low,u,A,"4,56"
Singer3_DeathGrowl_Mid_a.wav,3,Technique,DeathGrowl,Mid,a,A,"4,93"
Singer3_DeathGrowl_Mid_i.wav,3,Technique,DeathGrowl,Mid,i,A,"4,919"
Singer3_DeathGrowl_Mid_lyrics.wav,3,Technique,DeathGrowl,Mid,lyrics,A,"13,2933333333333"
Singer3_DeathGrowl_Mid_u.wav,3,Technique,DeathGrowl,Mid,u,A,"4,95916666666667"
Singer3_GrindInhale_a.wav,3,Technique,GrindInhale,-,-,A,"4,70666666666667"
Singer3_GrindInhale_i.wav,3,Technique,GrindInhale,-,-,A,"4,73766666666667"
Singer3_GrindInhale_lyrics.wav,3,Technique,GrindInhale,-,-,A,"14,865"
Singer3_GrindInhale_u.wav,3,Technique,GrindInhale,-,-,A,"4,9315"
Singer3_HardcoreScream_High_a.wav,3,Technique,HardcoreScream,High,a,B,"5,344"
Singer3_HardcoreScream_High_i.wav,3,Technique,HardcoreScream,High,i,B,"5,592"
Singer3_HardcoreScream_High_lyrics.wav,3,Technique,HardcoreScream,High,lyrics,B,"11,828"
Singer3_HardcoreScream_High_u.wav,3,Technique,HardcoreScream,High,u,B,"4,99733333333333"
Singer3_HardcoreScream_Low_lyrics.wav,3,Technique,HardcoreScream,Low,lyrics,C,"11,3386666666667"
Singer4_Effect_TunnelThroat.wav,4,Effect,TunnelThroat,-,-,C,"6,28266666666667"
Singer4_Other_QuickSwitch_1.wav,4,Other,-,-,-,-,"39,936"
Singer4_Other_QuickSwitch_2.wav,4,Other,-,-,-,-,"36,88"
Singer4_BlackShriek_High_a.wav,4,Technique,BlackShriek,High,a,C,"4,97625"
Singer4_BlackShriek_High_i.wav,4,Technique,BlackShriek,High,i,C,"5,344"
Singer4_BlackShriek_High_lyrics.wav,4,Technique,BlackShriek,High,lyrics,C,"14,372"
Singer4_BlackShriek_High_u.wav,4,Technique,BlackShriek,High,u,C,"4,86933333333333"
Singer4_BlackShriek_Mid_a.wav,4,Technique,BlackShriek,Mid,a,A,"5,03066666666667"
Singer4_BlackShriek_Mid_i.wav,4,Technique,BlackShriek,Mid,i,A,"5,11533333333333"
Singer4_BlackShriek_Mid_lyrics.wav,4,Technique,BlackShriek,Mid,lyrics,A,"13,7953333333333"
Singer4_BlackShriek_Mid_u.wav,4,Technique,BlackShriek,Mid,u,A,"5,05066666666667"
Singer4_ClearVoice_High_a.wav,4,Technique,ClearVoice,High,a,A,"5,01466666666667"
Singer4_ClearVoice_High_i.wav,4,Technique,ClearVoice,High,i,A,"5,13833333333333"
Singer4_ClearVoice_High_lyrics.wav,4,Technique,ClearVoice,High,lyrics,A,"13,8653333333333"
Singer4_ClearVoice_High_u.wav,4,Technique,ClearVoice,High,u,A,"5,229"
Singer4_ClearVoice_Low_a.wav,4,Technique,ClearVoice,Low,a,A,"5,07733333333333"
Singer4_ClearVoice_Low_i.wav,4,Technique,ClearVoice,Low,i,A,"4,955"
Singer4_ClearVoice_Low_lyrics.wav,4,Technique,ClearVoice,Low,lyrics,A,"14,463"
Singer4_ClearVoice_Low_u.wav,4,Technique,ClearVoice,Low,u,A,"4,853"
Singer4_ClearVoice_Mid_a.wav,4,Technique,ClearVoice,Mid,a,A,"4,93933333333333"
Singer4_ClearVoice_Mid_i.wav,4,Technique,ClearVoice,Mid,i,A,"4,93233333333333"
Singer4_ClearVoice_Mid_lyrics.wav,4,Technique,ClearVoice,Mid,lyrics,A,"14,1253333333333"
Singer4_ClearVoice_Mid_u.wav,4,Technique,ClearVoice,Mid,u,A,"4,84"
Singer4_DeathGrowl_Low_a.wav,4,Technique,DeathGrowl,Low,a,A,"4,97033333333333"
Singer4_DeathGrowl_Low_i.wav,4,Technique,DeathGrowl,Low,i,A,"5,15766666666667"
Singer4_DeathGrowl_Low_lyrics.wav,4,Technique,DeathGrowl,Low,lyrics,A,"13,834"
Singer4_DeathGrowl_Low_u.wav,4,Technique,DeathGrowl,Low,u,A,"4,936"
Singer4_DeathGrowl_Mid_a.wav,4,Technique,DeathGrowl,Mid,a,A,"5,108"
Singer4_DeathGrowl_Mid_i.wav,4,Technique,DeathGrowl,Mid,i,A,"5,28633333333333"
Singer4_DeathGrowl_Mid_lyrics.wav,4,Technique,DeathGrowl,Mid,lyrics,A,"13,9106666666667"
Singer4_DeathGrowl_Mid_u.wav,4,Technique,DeathGrowl,Mid,u,A,"5,154"
Singer4_GrindInhale_a.wav,4,Technique,GrindInhale,-,a,A,"4,96966666666667"
Singer4_GrindInhale_i.wav,4,Technique,GrindInhale,-,i,A,"5,08166666666667"
Singer4_GrindInhale_lyrics.wav,4,Technique,GrindInhale,-,lyrics,A,"13,8753333333333"
Singer4_GrindInhale_u.wav,4,Technique,GrindInhale,-,u,A,"5,156"
Singer4_HardcoreScream_High_a.wav,4,Technique,HardcoreScream,High,a,A,"5,504"
Singer4_HardcoreScream_High_a_2.wav,4,Technique,HardcoreScream,High,a,A,"5,64666666666667"
Singer4_HardcoreScream_High_i.wav,4,Technique,HardcoreScream,High,i,A,"4,92933333333333"
Singer4_HardcoreScream_High_i_2.wav,4,Technique,HardcoreScream,High,i,A,"5,03566666666667"
Singer4_HardcoreScream_High_lyrics.wav,4,Technique,HardcoreScream,High,lyrics,A,"13,7173333333333"
Singer4_HardcoreScream_High_lyrics_2.wav,4,Technique,HardcoreScream,High,lyrics,A,"13,9253333333333"
Singer4_HardcoreScream_High_u.wav,4,Technique,HardcoreScream,High,u,A,"5,03966666666667"
Singer4_HardcoreScream_High_u_2.wav,4,Technique,HardcoreScream,High,u,A,"5,15933333333333"
Singer4_HardcoreScream_Low_a.wav,4,Technique,HardcoreScream,Low,a,A,"5,02866666666667"
Singer4_HardcoreScream_Low_i.wav,4,Technique,HardcoreScream,Low,i,A,"5,02916666666667"
Singer4_HardcoreScream_Low_lyrics.wav,4,Technique,HardcoreScream,Low,lyrics,A,"14,6593333333333"
Singer4_HardcoreScream_Low_u.wav,4,Technique,HardcoreScream,Low,u,A,"5,21333333333333"
Singer4_HardcoreScream_Mid_a.wav,4,Technique,HardcoreScream,Mid,a,A,"5,28433333333333"
Singer4_HardcoreScream_Mid_i.wav,4,Technique,HardcoreScream,Mid,i,A,"5,07866666666667"
Singer4_HardcoreScream_Mid_lyrics.wav,4,Technique,HardcoreScream,Mid,lyrics,A,"13,98"
Singer4_HardcoreScream_Mid_u.wav,4,Technique,HardcoreScream,Mid,u,A,"5,136"
Singer5_BlackShriek_High_a.wav,5,Technique,BlackShriek,High,a,A,"5,02066666666667"
Singer5_BlackShriek_High_i.wav,5,Technique,BlackShriek,High,i,A,"3,585"
Singer5_BlackShriek_High_lyrics.wav,5,Technique,BlackShriek,High,lyrics,A,"14,58"
Singer5_BlackShriek_High_u.wav,5,Technique,BlackShriek,High,u,C,"4,88333333333333"
Singer5_BlackShriek_Mid_a.wav,5,Technique,BlackShriek,Mid,a,B,"4,941"
Singer5_BlackShriek_Mid_i.wav,5,Technique,BlackShriek,Mid,i,B,"4,96733333333333"
Singer5_BlackShriek_Mid_lyrics.wav,5,Technique,BlackShriek,Mid,lyrics,B,"14,4803333333333"
Singer5_BlackShriek_Mid_u.wav,5,Technique,BlackShriek,Mid,u,B,"4,82716666666667"
Singer5_ClearVoice_High_a.wav,5,Technique,ClearVoice,High,a,A,"4,984"
Singer5_ClearVoice_High_i.wav,5,Technique,ClearVoice,High,i,A,"4,96166666666667"
Singer5_ClearVoice_High_lyrics.wav,5,Technique,ClearVoice,High,lyrics,A,"14,8786666666667"
Singer5_ClearVoice_High_u.wav,5,Technique,ClearVoice,High,u,A,"5,05083333333333"
Singer5_ClearVoice_Low_a.wav,5,Technique,ClearVoice,Low,a,A,"5,03966666666667"
Singer5_ClearVoice_Low_i.wav,5,Technique,ClearVoice,Low,i,A,"4,96733333333333"
Singer5_ClearVoice_Low_lyrics.wav,5,Technique,ClearVoice,Low,lyrics,A,"14,9006666666667"
Singer5_ClearVoice_Low_u.wav,5,Technique,ClearVoice,Low,u,A,"5,004"
Singer5_ClearVoice_Mid_a.wav,5,Technique,ClearVoice,Mid,a,A,"5,22916666666667"
Singer5_ClearVoice_Mid_i.wav,5,Technique,ClearVoice,Mid,i,A,"5,21"
Singer5_ClearVoice_Mid_lyrics.wav,5,Technique,ClearVoice,Mid,lyrics,A,"15,1523333333333"
Singer5_ClearVoice_Mid_u.wav,5,Technique,ClearVoice,Mid,u,A,"5,082"
Singer5_DeathGrowl_Low_a.wav,5,Technique,DeathGrowl,Low,a,A,"4,52666666666667"
Singer5_DeathGrowl_Low_i.wav,5,Technique,DeathGrowl,Low,i,A,"4,71333333333333"
Singer5_DeathGrowl_Low_lyrics.wav,5,Technique,DeathGrowl,Low,lyrics,A,"14,388"
Singer5_DeathGrowl_Low_u.wav,5,Technique,DeathGrowl,Low,u,A,"4,873"
Singer5_DeathGrowl_Mid_a.wav,5,Technique,DeathGrowl,Mid,a,A,"4,51066666666667"
Singer5_DeathGrowl_Mid_a_2.wav,5,Technique,DeathGrowl,Mid,a,A,"4,11733333333333"
Singer5_DeathGrowl_Mid_i.wav,5,Technique,DeathGrowl,Mid,i,A,"4,63066666666667"
Singer5_DeathGrowl_Mid_i_2.wav,5,Technique,DeathGrowl,Mid,i,A,"3,94733333333333"
Singer5_DeathGrowl_Mid_lyrics.wav,5,Technique,DeathGrowl,Mid,lyrics,A,"14,3533333333333"
Singer5_DeathGrowl_Mid_lyrics_2.wav,5,Technique,DeathGrowl,Mid,lyrics,A,"14,564"
Singer5_DeathGrowl_Mid_u.wav,5,Technique,DeathGrowl,Mid,u,A,"4,448"
Singer5_DeathGrowl_Mid_u_2.wav,5,Technique,DeathGrowl,Mid,u,A,"4,33516666666667"
Singer6_BlackShriek_Mid_a.wav,6,Technique,BlackShriek,Mid,a,C,"1,96566666666667"
Singer6_BlackShriek_Mid_a_2.wav,6,Technique,BlackShriek,Mid,a,C,"2,02733333333333"
Singer6_BlackShriek_Mid_a_3.wav,6,Technique,BlackShriek,Mid,a,C,"1,98"
Singer6_BlackShriek_Mid_i.wav,6,Technique,BlackShriek,Mid,i,C,"2,15533333333333"
Singer6_BlackShriek_Mid_i_2.wav,6,Technique,BlackShriek,Mid,i,C,"2,13333333333333"
Singer6_BlackShriek_Mid_i_3.wav,6,Technique,BlackShriek,Mid,i,C,"1,78266666666667"
Singer6_BlackShriek_Mid_lyrics.wav,6,Technique,BlackShriek,Mid,lyrics,C,"25,7813333333333"
Singer6_BlackShriek_Mid_u.wav,6,Technique,BlackShriek,Mid,u,C,"2,03066666666667"
Singer6_BlackShriek_Mid_u_2.wav,6,Technique,BlackShriek,Mid,u,C,"1,98866666666667"
Singer6_ClearVoice_High_a.wav,6,Technique,ClearVoice,High,a,A,"4,80866666666667"
Singer6_ClearVoice_High_i.wav,6,Technique,ClearVoice,High,i,A,"5,012"
Singer6_ClearVoice_High_lyrics.wav,6,Technique,ClearVoice,High,lyrics,A,"23,5466666666667"
Singer6_ClearVoice_High_u.wav,6,Technique,ClearVoice,High,u,A,"5,19533333333333"
Singer6_ClearVoice_Low_a.wav,6,Technique,ClearVoice,Low,a,A,"5,116"
Singer6_ClearVoice_Low_i.wav,6,Technique,ClearVoice,Low,i,A,"4,97866666666667"
Singer6_ClearVoice_Low_lyrics.wav,6,Technique,ClearVoice,Low,lyrics,A,"20,493"
Singer6_ClearVoice_Low_u.wav,6,Technique,ClearVoice,Low,u,A,"4,91533333333333"
Singer6_ClearVoice_Mid_a.wav,6,Technique,ClearVoice,Mid,a,A,"4,65333333333333"
Singer6_ClearVoice_Mid_i.wav,6,Technique,ClearVoice,Mid,i,A,"4,967"
Singer6_ClearVoice_Mid_lyrics.wav,6,Technique,ClearVoice,Mid,lyrics,A,"21,0506666666667"
Singer6_ClearVoice_Mid_u.wav,6,Technique,ClearVoice,Mid,u,A,"5,05866666666667"
Singer6_DeathGrowl_Low_a.wav,6,Technique,DeathGrowl,Low,a,C,"2,75466666666667"
Singer6_DeathGrowl_Low_a_2.wav,6,Technique,DeathGrowl,Low,a,C,"2,53733333333333"
Singer6_DeathGrowl_Low_i.wav,6,Technique,DeathGrowl,Low,i,C,"2,221"
Singer6_DeathGrowl_Low_i_2.wav,6,Technique,DeathGrowl,Low,i,C,"2,488"
Singer6_DeathGrowl_Low_u.wav,6,Technique,DeathGrowl,Low,u,C,"2,1605"
Singer6_DeathGrowl_Low_u_2.wav,6,Technique,DeathGrowl,Low,u,C,"2,06533333333333"
Singer6_DeathGrowl_Low_u_3.wav,6,Technique,DeathGrowl,Low,u,C,"1,91466666666667"
Singer6_DeathGrowl_Mid_a.wav,6,Technique,DeathGrowl,Mid,a,C,"3,136"
Singer6_DeathGrowl_Mid_a_2.wav,6,Technique,DeathGrowl,Mid,a,C,"2,84133333333333"
Singer6_DeathGrowl_Mid_a_3.wav,6,Technique,DeathGrowl,Mid,a,C,"3,12533333333333"
Singer6_DeathGrowl_Mid_i.wav,6,Technique,DeathGrowl,Mid,i,C,"3,42266666666667"
Singer6_DeathGrowl_Mid_i_2.wav,6,Technique,DeathGrowl,Mid,i,C,"2,907"
Singer6_DeathGrowl_Mid_i_3.wav,6,Technique,DeathGrowl,Mid,i,C,"2,42166666666667"
Singer6_DeathGrowl_Mid_lyrics.wav,6,Technique,DeathGrowl,Mid,lyrics,C,"24,464"
Singer6_DeathGrowl_Mid_u.wav,6,Technique,DeathGrowl,Mid,u,C,"2,474"
Singer6_DeathGrowl_Mid_u_2.wav,6,Technique,DeathGrowl,Mid,u,C,"3,012"
Singer7_Effect_DeepGutturals.wav,7,Effect,DeepGutturals,-,-,A,"3,622"
Singer7_Effect_DeepGutturals_2.wav,7,Effect,DeepGutturals,-,-,A,"3,82933333333333"
Singer7_BlackShriek_Mid_a.wav,7,Technique,BlackShriek,Mid,a,A,"5,08204166666667"
Singer7_BlackShriek_Mid_i.wav,7,Technique,BlackShriek,Mid,i,A,"5,12416666666667"
Singer7_BlackShriek_Mid_lyrics.wav,7,Technique,BlackShriek,Mid,lyrics,A,"16,2616666666667"
Singer7_BlackShriek_Mid_u.wav,7,Technique,BlackShriek,Mid,u,C,"5,19733333333333"
Singer7_ClearVoice_High_a.wav,7,Technique,ClearVoice,High,a,A,"5,20833333333333"
Singer7_ClearVoice_High_i.wav,7,Technique,ClearVoice,High,i,A,"5,35233333333333"
Singer7_ClearVoice_High_lyrics.wav,7,Technique,ClearVoice,High,lyrics,A,"16,344"
Singer7_ClearVoice_High_u.wav,7,Technique,ClearVoice,High,u,A,"5,12666666666667"
Singer7_ClearVoice_Low_a.wav,7,Technique,ClearVoice,Low,a,A,"5,34133333333333"
Singer7_ClearVoice_Low_i.wav,7,Technique,ClearVoice,Low,i,A,"5,37033333333333"
Singer7_ClearVoice_Low_lyrics.wav,7,Technique,ClearVoice,Low,lyrics,A,"16,4186666666667"
Singer7_ClearVoice_Low_u.wav,7,Technique,ClearVoice,Low,u,A,"5,35333333333333"
Singer7_ClearVoice_Mid_a.wav,7,Technique,ClearVoice,Mid,a,A,"5,36233333333333"
Singer7_ClearVoice_Mid_i.wav,7,Technique,ClearVoice,Mid,i,A,"5,32533333333333"
Singer7_ClearVoice_Mid_lyrics.wav,7,Technique,ClearVoice,Mid,lyrics,A,"16,3253333333333"
Singer7_ClearVoice_Mid_u.wav,7,Technique,ClearVoice,Mid,u,A,"5,15316666666667"
Singer7_DeathGrowl_Low_a.wav,7,Technique,DeathGrowl,Low,a,A,"5,16266666666667"
Singer7_DeathGrowl_Low_i.wav,7,Technique,DeathGrowl,Low,i,A,"5,21866666666667"
Singer7_DeathGrowl_Low_lyrics.wav,7,Technique,DeathGrowl,Low,lyrics,A,"16,7526666666667"
Singer7_DeathGrowl_Low_u.wav,7,Technique,DeathGrowl,Low,u,A,"5,218"
Singer7_DeathGrowl_Mid_a.wav,7,Technique,DeathGrowl,Mid,a,A,"5,00766666666667"
Singer7_DeathGrowl_Mid_i.wav,7,Technique,DeathGrowl,Mid,i,A,"5,22133333333333"
Singer7_DeathGrowl_Mid_lyrics.wav,7,Technique,DeathGrowl,Mid,lyrics,A,"16,7508333333333"
Singer7_DeathGrowl_Mid_u.wav,7,Technique,DeathGrowl,Mid,u,A,"5,06566666666667"
Singer7_HardcoreScream_Low_a.wav,7,Technique,HardcoreScream,Low,a,A,"5,30333333333333"
Singer7_HardcoreScream_Low_i.wav,7,Technique,HardcoreScream,Low,i,A,"5,26633333333333"
Singer7_HardcoreScream_Low_lyrics.wav,7,Technique,HardcoreScream,Low,lyrics,A,"16,5526666666667"
Singer7_HardcoreScream_Low_u.wav,7,Technique,HardcoreScream,Low,u,A,"4,98133333333333"
Singer7_HardcoreScream_Mid_a.wav,7,Technique,HardcoreScream,Mid,a,C,"5,18858333333333"
Singer7_HardcoreScream_Mid_i.wav,7,Technique,HardcoreScream,Mid,i,C,"5,22866666666667"
Singer7_HardcoreScream_Mid_lyrics.wav,7,Technique,HardcoreScream,Mid,lyrics,C,"16,2686666666667"
Singer7_HardcoreScream_Mid_u.wav,7,Technique,HardcoreScream,Mid,u,C,"5,20566666666667"
Singer8_Effect_DeepGutturals.wav,8,Effect,DeepGutturals,-,-,A,"3,63066666666667"
Singer8_Other_AgressiveBlack.wav,8,Other,-,-,-,-,"40,335"
Singer8_BlackShriek_High_a.wav,8,Technique,BlackShriek,High,a,A,"3,00258333333333"
Singer8_BlackShriek_High_i.wav,8,Technique,BlackShriek,High,i,A,"3,73554166666667"
Singer8_BlackShriek_High_lyrics.wav,8,Technique,BlackShriek,High,lyrics,A,"27,0301666666667"
Singer8_BlackShriek_High_u.wav,8,Technique,BlackShriek,High,u,A,"3,67866666666667"
Singer8_BlackShriek_Mid_a.wav,8,Technique,BlackShriek,Mid,a,A,"2,11366666666667"
Singer8_BlackShriek_Mid_i.wav,8,Technique,BlackShriek,Mid,i,A,"2,38233333333333"
Singer8_BlackShriek_Mid_lyrics.wav,8,Technique,BlackShriek,Mid,lyrics,A,"26,934"
Singer8_BlackShriek_Mid_u.wav,8,Technique,BlackShriek,Mid,u,A,"2,41033333333333"
Singer8_ClearVoice_High_a.wav,8,Technique,ClearVoice,High,a,A,"2,54616666666667"
Singer8_ClearVoice_High_i.wav,8,Technique,ClearVoice,High,i,A,"2,63583333333333"
Singer8_ClearVoice_High_lyrics.wav,8,Technique,ClearVoice,High,lyrics,A,"26,9776666666667"
Singer8_ClearVoice_High_u.wav,8,Technique,ClearVoice,High,u,A,"2,36527083333333"
Singer8_ClearVoice_Low_a.wav,8,Technique,ClearVoice,Low,a,A,"4,91333333333333"
Singer8_ClearVoice_Low_i.wav,8,Technique,ClearVoice,Low,i,A,"5,16983333333333"
Singer8_ClearVoice_Low_lyrics.wav,8,Technique,ClearVoice,Low,lyrics,A,"29,132"
Singer8_ClearVoice_Low_u.wav,8,Technique,ClearVoice,Low,u,A,"5,298"
Singer8_ClearVoice_Mid_a.wav,8,Technique,ClearVoice,Mid,a,A,"4,93133333333333"
Singer8_ClearVoice_Mid_i.wav,8,Technique,ClearVoice,Mid,i,A,"5,13733333333333"
Singer8_ClearVoice_Mid_lyrics.wav,8,Technique,ClearVoice,Mid,lyrics,A,"27,22"
Singer8_ClearVoice_Mid_u.wav,8,Technique,ClearVoice,Mid,u,A,"5,10716666666667"
Singer8_DeathGrowl_Low_a.wav,8,Technique,DeathGrowl,Low,a,A,"4,51666666666667"
Singer8_DeathGrowl_Low_a_2.wav,8,Technique,DeathGrowl,Low,a,A,"5,16533333333333"
Singer8_DeathGrowl_Low_i.wav,8,Technique,DeathGrowl,Low,i,A,"5,53675"
Singer8_DeathGrowl_Low_i_2.wav,8,Technique,DeathGrowl,Low,i,A,"4,71266666666667"
Singer8_DeathGrowl_Low_lyrics.wav,8,Technique,DeathGrowl,Low,lyrics,A,"54,848"
Singer8_DeathGrowl_Low_lyrics_2.wav,8,Technique,DeathGrowl,Low,lyrics,A,"28,734"
Singer8_DeathGrowl_Low_u.wav,8,Technique,DeathGrowl,Low,u,A,"5,41466666666667"
Singer8_DeathGrowl_Low_u_2.wav,8,Technique,DeathGrowl,Low,u,A,"5,21"
Singer8_DeathGrowl_Mid_a.wav,8,Technique,DeathGrowl,Mid,a,A,"2,53435416666667"
Singer8_DeathGrowl_Mid_i.wav,8,Technique,DeathGrowl,Mid,i,A,"2,35308333333333"
Singer8_DeathGrowl_Mid_lyrics.wav,8,Technique,DeathGrowl,Mid,lyrics,A,"27,98"
Singer8_DeathGrowl_Mid_u.wav,8,Technique,DeathGrowl,Mid,u,A,"2,37216666666667"
Singer8_HardcoreScream_High_a.wav,8,Technique,HardcoreScream,High,a,A,"4,03733333333333"
Singer8_HardcoreScream_High_i.wav,8,Technique,HardcoreScream,High,i,A,"4,0985"
Singer8_HardcoreScream_High_lyrics.wav,8,Technique,HardcoreScream,High,lyrics,A,"26,7646666666667"
Singer8_HardcoreScream_High_u.wav,8,Technique,HardcoreScream,High,u,A,"4,01516666666667"
Singer8_HardcoreScream_Mid_a.wav,8,Technique,HardcoreScream,Mid,a,A,"3,20933333333333"
Singer8_HardcoreScream_Mid_i.wav,8,Technique,HardcoreScream,Mid,i,A,"3,06066666666667"
Singer8_HardcoreScream_Mid_lyrics.wav,8,Technique,HardcoreScream,Mid,lyrics,A,"24,7876666666667"
Singer8_HardcoreScream_Mid_u.wav,8,Technique,HardcoreScream,Mid,u,A,"3,23133333333333"
Singer9_Effect_DeepGutturals.wav,9,Effect,DeepGutturals,-,-,A,"2,29433333333333"
Singer9_Effect_PigSqueal.wav,9,Effect,PigSqueal,-,-,A,"3,80733333333333"
Singer9_Effect_PigSqueal_2.wav,9,Effect,PigSqueal,-,-,A,"3,97166666666667"
Singer9_Effect_TunnelThroat.wav,9,Effect,TunnelThroat,-,-,C,"2,41466666666667"
Singer9_Other_Dinge.wav,9,Other,-,-,-,-,"18,1898333333333"
Singer9_BlackShriek_High_a.wav,9,Technique,BlackShriek,High,a,A,"3,896"
Singer9_BlackShriek_High_i.wav,9,Technique,BlackShriek,High,i,A,"3,53658333333333"
Singer9_BlackShriek_High_lyrics.wav,9,Technique,BlackShriek,High,lyrics,A,"17,8685"
Singer9_BlackShriek_High_u.wav,9,Technique,BlackShriek,High,u,A,"3,30316666666667"
Singer9_BlackShriek_Mid_a.wav,9,Technique,BlackShriek,Mid,a,A,"3,5535"
Singer9_BlackShriek_Mid_i.wav,9,Technique,BlackShriek,Mid,i,A,"3,47308333333333"
Singer9_BlackShriek_Mid_lyrics.wav,9,Technique,BlackShriek,Mid,lyrics,A,"16,547"
Singer9_BlackShriek_Mid_u.wav,9,Technique,BlackShriek,Mid,u,A,"3,167"
Singer9_ClearVoice_High_a.wav,9,Technique,ClearVoice,High,a,A,"5,86333333333333"
Singer9_ClearVoice_High_i.wav,9,Technique,ClearVoice,High,i,A,"5,22633333333333"
Singer9_ClearVoice_High_lyrics.wav,9,Technique,ClearVoice,High,lyrics,A,"18,5645"
Singer9_ClearVoice_High_u.wav,9,Technique,ClearVoice,High,u,A,"5,39833333333333"
Singer9_ClearVoice_Low_a.wav,9,Technique,ClearVoice,Low,a,A,"4,98133333333333"
Singer9_ClearVoice_Low_i.wav,9,Technique,ClearVoice,Low,i,A,"5,50233333333333"
Singer9_ClearVoice_Low_lyrics.wav,9,Technique,ClearVoice,Low,lyrics,A,"18,3396666666667"
Singer9_ClearVoice_Low_u.wav,9,Technique,ClearVoice,Low,u,A,"5,60933333333333"
Singer9_ClearVoice_Mid_a.wav,9,Technique,ClearVoice,Mid,a,A,"7,80266666666667"
Singer9_ClearVoice_Mid_i.wav,9,Technique,ClearVoice,Mid,i,A,"5,81666666666667"
Singer9_ClearVoice_Mid_lyrics.wav,9,Technique,ClearVoice,Mid,lyrics,A,"17,9126666666667"
Singer9_ClearVoice_Mid_u.wav,9,Technique,ClearVoice,Mid,u,A,"5,75666666666667"
Singer9_DeathGrowl_Low_a.wav,9,Technique,DeathGrowl,Low,a,A,"3,33291666666667"
Singer9_DeathGrowl_Low_i.wav,9,Technique,DeathGrowl,Low,i,A,"3,31066666666667"
Singer9_DeathGrowl_Low_lyrics.wav,9,Technique,DeathGrowl,Low,lyrics,A,"17,716"
Singer9_DeathGrowl_Low_u.wav,9,Technique,DeathGrowl,Low,u,A,"3,39733333333333"
Singer9_DeathGrowl_Mid_a.wav,9,Technique,DeathGrowl,Mid,a,A,"3,658"
Singer9_DeathGrowl_Mid_a_2.wav,9,Technique,DeathGrowl,Mid,a,A,"3,22566666666667"
Singer9_DeathGrowl_Mid_i.wav,9,Technique,DeathGrowl,Mid,i,A,"3,72083333333333"
Singer9_DeathGrowl_Mid_i_2.wav,9,Technique,DeathGrowl,Mid,i,A,"3,16033333333333"
Singer9_DeathGrowl_Mid_lyrics.wav,9,Technique,DeathGrowl,Mid,lyrics,A,"16,1651666666667"
Singer9_DeathGrowl_Mid_lyrics_2.wav,9,Technique,DeathGrowl,Mid,lyrics,A,"17,0526666666667"
Singer9_DeathGrowl_Mid_u.wav,9,Technique,DeathGrowl,Mid,u,A,"3,42333333333333"
Singer9_DeathGrowl_Mid_u_2.wav,9,Technique,DeathGrowl,Mid,u,A,"3,43816666666667"
Singer9_GrindInhale_a.wav,9,Technique,GrindInhale,-,a,A,"5,68133333333333"
Singer9_GrindInhale_i.wav,9,Technique,GrindInhale,-,i,A,"5,10216666666667"
Singer9_GrindInhale_lyrics.wav,9,Technique,GrindInhale,-,lyrics,A,"17,075"
Singer9_GrindInhale_u.wav,9,Technique,GrindInhale,-,u,A,"4,8125"
Singer9_HardcoreScream_High_a.wav,9,Technique,HardcoreScream,High,a,C,"4,16833333333333"
Singer9_HardcoreScream_High_i.wav,9,Technique,HardcoreScream,High,i,C,"4,03133333333333"
Singer9_HardcoreScream_High_lyrics.wav,9,Technique,HardcoreScream,High,lyrics,C,"16,2786666666667"
Singer9_HardcoreScream_High_u.wav,9,Technique,HardcoreScream,High,u,C,"3,49966666666667"
Singer9_HardcoreScream_Low_a.wav,9,Technique,HardcoreScream,Low,a,C,"4,10933333333333"
Singer9_HardcoreScream_Low_i.wav,9,Technique,HardcoreScream,Low,i,C,"4,04166666666667"
Singer9_HardcoreScream_Low_lyrics.wav,9,Technique,HardcoreScream,Low,lyrics,C,"16,6"
Singer9_HardcoreScream_Low_u.wav,9,Technique,HardcoreScream,Low,u,C,"4,23516666666667"
Singer9_HardcoreScream_Mid_a.wav,9,Technique,HardcoreScream,Mid,a,C,"3,83333333333333"
Singer9_HardcoreScream_Mid_i.wav,9,Technique,HardcoreScream,Mid,i,C,"3,73658333333333"
Singer9_HardcoreScream_Mid_lyrics.wav,9,Technique,HardcoreScream,Mid,lyrics,C,"16,2113333333333"
Singer9_HardcoreScream_Mid_u.wav,9,Technique,HardcoreScream,Mid,u,C,"4,148"
Singer10_Effect_TunnelThroat.wav,10,Effect,TunnelThroat,-,-,A,"6,39066666666667"
Singer10_Other_InhaleGuttural.wav,10,Other,-,-,-,-,"3,336"
Singer10_Other_Warthog.wav,10,Other,-,-,-,-,"3,46733333333333"
Singer10_BlackShriek_High_a.wav,10,Technique,BlackShriek,High,a,A,"4,86225"
Singer10_BlackShriek_High_i.wav,10,Technique,BlackShriek,High,i,B,"4,81883333333333"
Singer10_BlackShriek_High_lyrics.wav,10,Technique,BlackShriek,High,lyrics,C,"19,096"
Singer10_BlackShriek_High_u.wav,10,Technique,BlackShriek,High,u,B,"4,961"
Singer10_BlackShriek_Mid_a.wav,10,Technique,BlackShriek,Mid,a,C,"4,59333333333333"
Singer10_BlackShriek_Mid_i.wav,10,Technique,BlackShriek,Mid,i,C,"4,92366666666667"
Singer10_BlackShriek_Mid_lyrics.wav,10,Technique,BlackShriek,Mid,lyrics,C,"19,2221666666667"
Singer10_BlackShriek_Mid_u.wav,10,Technique,BlackShriek,Mid,u,C,"5,13766666666667"
Singer10_ClearVoice_High_a.wav,10,Technique,ClearVoice,High,a,A,"5,15633333333333"
Singer10_ClearVoice_High_lyrics.wav,10,Technique,ClearVoice,High,lyrics,A,"19,528"
Singer10_ClearVoice_High_u.wav,10,Technique,ClearVoice,High,u,A,"5,062"
Singer10_ClearVoice_Low_a.wav,10,Technique,ClearVoice,Low,a,A,"5,46633333333333"
Singer10_ClearVoice_Low_i.wav,10,Technique,ClearVoice,Low,i,A,"4,912"
Singer10_ClearVoice_Low_lyrics.wav,10,Technique,ClearVoice,Low,lyrics,A,"17,3956666666667"
Singer10_ClearVoice_Low_u.wav,10,Technique,ClearVoice,Low,u,A,"4,88"
Singer10_ClearVoice_Mid_a.wav,10,Technique,ClearVoice,Mid,a,A,"5,54266666666667"
Singer10_ClearVoice_Mid_i.wav,10,Technique,ClearVoice,Mid,i,A,"5,30666666666667"
Singer10_ClearVoice_Mid_lyrics.wav,10,Technique,ClearVoice,Mid,lyrics,A,"16,64"
Singer10_ClearVoice_Mid_u.wav,10,Technique,ClearVoice,Mid,u,A,"4,93016666666667"
Singer10_DeathGrowl_Low_a.wav,10,Technique,DeathGrowl,Low,a,A,"3,71066666666667"
Singer10_DeathGrowl_Low_i.wav,10,Technique,DeathGrowl,Low,i,A,"4,93066666666667"
Singer10_DeathGrowl_Low_lyrics.wav,10,Technique,DeathGrowl,Low,lyrics,A,"19,5933333333333"
Singer10_DeathGrowl_Low_u.wav,10,Technique,DeathGrowl,Low,u,A,"4,86666666666667"
Singer10_DeathGrowl_Mid_a.wav,10,Technique,DeathGrowl,Mid,a,A,"4,68966666666667"
Singer10_DeathGrowl_Mid_i.wav,10,Technique,DeathGrowl,Mid,i,A,"5,14633333333333"
Singer10_DeathGrowl_Mid_lyrics.wav,10,Technique,DeathGrowl,Mid,lyrics,A,"19,0046666666667"
Singer10_DeathGrowl_Mid_u.wav,10,Technique,DeathGrowl,Mid,u,A,"5,05966666666667"
Singer10_HardcoreScream_High_a.wav,10,Technique,HardcoreScream,High,a,C,"5,02766666666667"
Singer10_HardcoreScream_High_i.wav,10,Technique,HardcoreScream,High,i,C,"4,902"
Singer10_HardcoreScream_High_lyrics.wav,10,Technique,HardcoreScream,High,lyrics,C,"18,7546666666667"
Singer10_HardcoreScream_High_u.wav,10,Technique,HardcoreScream,High,u,C,"4,84816666666667"
Singer10_HardcoreScream_Low_a.wav,10,Technique,HardcoreScream,Low,a,C,"4,59133333333333"
Singer10_HardcoreScream_Low_i.wav,10,Technique,HardcoreScream,Low,i,C,"4,83083333333333"
Singer10_HardcoreScream_Low_lyrics.wav,10,Technique,HardcoreScream,Low,lyrics,C,"17,9466666666667"
Singer10_HardcoreScream_Low_u.wav,10,Technique,HardcoreScream,Low,u,C,"4,48391666666667"
Singer10_HardcoreScream_Mid_a.wav,10,Technique,HardcoreScream,Mid,a,C,"4,87958333333333"
Singer10_HardcoreScream_Mid_i.wav,10,Technique,HardcoreScream,Mid,i,C,"5,022"
Singer10_HardcoreScream_Mid_lyrics.wav,10,Technique,HardcoreScream,Mid,lyrics,C,"16,3856666666667"
Singer10_HardcoreScream_Mid_u.wav,10,Technique,HardcoreScream,Mid,u,C,"4,87166666666667"
Singer11_Effect_DeepGutturals.wav,11,Effect,DeepGutturals,-,-,C,"8,33483333333333"
Singer11_Effect_PigSqueal.wav,11,Effect,PigSqueal,-,-,C,"11,95"
Singer11_Effect_TunnelThroat.wav,11,Effect,TunnelThroat,-,-,C,"9,70266666666667"
Singer11_Effect_TunnelThroat_2.wav,11,Effect,TunnelThroat,-,-,C,"8,757"
Singer11_Other_DryDeathGrowl_Mid_a.wav,11,Other,-,-,-,-,"5,24941666666667"
Singer11_Other_DryDeathGrowl_Mid_i.wav,11,Other,-,-,-,-,"5,185"
Singer11_Other_DryDeathGrowl_Mid_lyrics.wav,11,Other,-,-,-,-,"14,704"
Singer11_Other_DryDeathGrowl_Mid_u.wav,11,Other,-,-,-,-,"5,22333333333333"
Singer11_Other_PigSquealExhale.wav,11,Other,-,-,-,-,"7,66666666666667"
Singer11_BlackShriek_High_a.wav,11,Technique,BlackShriek,High,a,B,"5,06958333333333"
Singer11_BlackShriek_High_i.wav,11,Technique,BlackShriek,High,i,B,"5,14858333333333"
Singer11_BlackShriek_High_lyrics.wav,11,Technique,BlackShriek,High,lyrics,B,"14,3703333333333"
Singer11_BlackShriek_High_u.wav,11,Technique,BlackShriek,High,u,B,"5,20133333333333"
Singer11_BlackShriek_Mid_a.wav,11,Technique,BlackShriek,Mid,a,A,"5,1215"
Singer11_BlackShriek_Mid_i.wav,11,Technique,BlackShriek,Mid,i,A,"5,02783333333333"
Singer11_BlackShriek_Mid_lyrics.wav,11,Technique,BlackShriek,Mid,lyrics,A,"14,337"
Singer11_BlackShriek_Mid_u.wav,11,Technique,BlackShriek,Mid,u,C,"5,20570833333333"
Singer11_ClearVoice_High_a.wav,11,Technique,ClearVoice,High,a,A,"4,92825"
Singer11_ClearVoice_High_i.wav,11,Technique,ClearVoice,High,i,A,"5,20441666666667"
Singer11_ClearVoice_High_lyrics.wav,11,Technique,ClearVoice,High,lyrics,A,"14,5846666666667"
Singer11_ClearVoice_High_u.wav,11,Technique,ClearVoice,High,u,A,"5,00975"
Singer11_ClearVoice_Low_a.wav,11,Technique,ClearVoice,Low,a,A,"5,11783333333333"
Singer11_ClearVoice_Low_i.wav,11,Technique,ClearVoice,Low,i,A,"5,251"
Singer11_ClearVoice_Low_lyrics.wav,11,Technique,ClearVoice,Low,lyrics,A,"14,4353541666667"
Singer11_ClearVoice_Low_u.wav,11,Technique,ClearVoice,Low,u,A,"5,19641666666667"
Singer11_ClearVoice_Mid_a.wav,11,Technique,ClearVoice,Mid,a,A,"4,88383333333333"
Singer11_ClearVoice_Mid_i.wav,11,Technique,ClearVoice,Mid,i,A,"4,89016666666667"
Singer11_ClearVoice_Mid_lyrics.wav,11,Technique,ClearVoice,Mid,lyrics,A,"14,7360833333333"
Singer11_ClearVoice_Mid_u.wav,11,Technique,ClearVoice,Mid,u,A,"4,96516666666667"
Singer11_DeathGrowl_Low_a.wav,11,Technique,DeathGrowl,Low,a,C,"5,19958333333333"
Singer11_DeathGrowl_Low_i.wav,11,Technique,DeathGrowl,Low,i,C,"5,27583333333333"
Singer11_DeathGrowl_Low_lyrics.wav,11,Technique,DeathGrowl,Low,lyrics,C,"14,3703333333333"
Singer11_DeathGrowl_Low_u.wav,11,Technique,DeathGrowl,Low,u,C,"5,19583333333333"
Singer11_DeathGrowl_Mid_a.wav,11,Technique,DeathGrowl,Mid,a,C,"5,03083333333333"
Singer11_DeathGrowl_Mid_i.wav,11,Technique,DeathGrowl,Mid,i,C,"5,14591666666667"
Singer11_DeathGrowl_Mid_lyrics.wav,11,Technique,DeathGrowl,Mid,lyrics,C,"14,4785"
Singer11_DeathGrowl_Mid_u.wav,11,Technique,DeathGrowl,Mid,u,C,"5,11929166666667"
Singer11_GrindInhale_a.wav,11,Technique,GrindInhale,-,-,A,"5,34404166666667"
Singer11_GrindInhale_i.wav,11,Technique,GrindInhale,-,-,A,"5,2195"
Singer11_GrindInhale_lyrics.wav,11,Technique,GrindInhale,-,-,A,"15,032"
Singer11_GrindInhale_u.wav,11,Technique,GrindInhale,-,-,A,"4,937"
Singer11_HardcoreScream_High_a.wav,11,Technique,HardcoreScream,High,a,A,"4,89933333333333"
Singer11_HardcoreScream_High_i.wav,11,Technique,HardcoreScream,High,i,A,"5,12766666666667"
Singer11_HardcoreScream_High_lyrics.wav,11,Technique,HardcoreScream,High,lyrics,A,"14,3846666666667"
Singer11_HardcoreScream_High_u.wav,11,Technique,HardcoreScream,High,u,A,"5,21283333333333"
Singer11_HardcoreScream_Low_a.wav,11,Technique,HardcoreScream,Low,a,A,"5,112"
Singer11_HardcoreScream_Low_i.wav,11,Technique,HardcoreScream,Low,i,A,"5,31933333333333"
Singer11_HardcoreScream_Low_lyrics.wav,11,Technique,HardcoreScream,Low,lyrics,A,"14,4511666666667"
Singer11_HardcoreScream_Low_u.wav,11,Technique,HardcoreScream,Low,u,A,"5,24"
Singer11_HardcoreScream_Mid_a.wav,11,Technique,HardcoreScream,Mid,a,A,"5,15233333333333"
Singer11_HardcoreScream_Mid_i.wav,11,Technique,HardcoreScream,Mid,i,A,"5,137"
Singer11_HardcoreScream_Mid_lyrics.wav,11,Technique,HardcoreScream,Mid,lyrics,A,"14,407"
Singer11_HardcoreScream_Mid_u.wav,11,Technique,HardcoreScream,Mid,u,A,"5,3215"
Singer12_Effect_DeepGutturals.wav,12,Effect,DeepGutturals,-,-,A,"1,916"
Singer12_Effect_PigSqueal.wav,12,Effect,PigSqueal,-,-,A,"6,855"
Singer12_Effect_TunnelThroat.wav,12,Effect,TunnelThroat,-,-,C,"1,946"
Singer12_Effect_TunnelThroat_2.wav,12,Effect,TunnelThroat,-,-,C,"1,94733333333333"
Singer12_Other_QuickSwitch.wav,12,Other,-,-,-,-,"15,0286666666667"
Singer12_Other_QuickSwitch_2.wav,12,Other,-,-,-,-,"14,9973333333333"
Singer12_Other_SingingScream_Mid_a.wav,12,Other,-,-,-,-,"5,03033333333333"
Singer12_Other_SingingScream_Mid_i.wav,12,Other,-,-,-,-,"4,98266666666667"
Singer12_Other_SingingScream_Mid_lyrics.wav,12,Other,-,-,-,-,"14,814"
Singer12_Other_SingingScream_Mid_u.wav,12,Other,-,-,-,-,"5,136"
Singer12_BlackShriek_High_a.wav,12,Technique,BlackShriek,High,a,C,"5,49466666666667"
Singer12_BlackShriek_High_i.wav,12,Technique,BlackShriek,High,i,C,"5,15866666666667"
Singer12_BlackShriek_High_lyrics.wav,12,Technique,BlackShriek,High,lyrics,C,"15,2426666666667"
Singer12_BlackShriek_High_u.wav,12,Technique,BlackShriek,High,u,C,"5,156"
Singer12_BlackShriek_Mid_a.wav,12,Technique,BlackShriek,Mid,a,A,"5,02533333333333"
Singer12_BlackShriek_Mid_i.wav,12,Technique,BlackShriek,Mid,i,A,"5,10366666666667"
Singer12_BlackShriek_Mid_lyrics.wav,12,Technique,BlackShriek,Mid,lyrics,A,"14,8863333333333"
Singer12_BlackShriek_Mid_u.wav,12,Technique,BlackShriek,Mid,u,B,"5,06933333333333"
Singer12_ClearVoice_High_a.wav,12,Technique,ClearVoice,High,a,A,"4,91591666666667"
Singer12_ClearVoice_High_i.wav,12,Technique,ClearVoice,High,i,A,"4,97416666666667"
Singer12_ClearVoice_High_lyrics.wav,12,Technique,ClearVoice,High,lyrics,A,"14,912"
Singer12_ClearVoice_High_u.wav,12,Technique,ClearVoice,High,u,A,"5,074"
Singer12_ClearVoice_Low_a.wav,12,Technique,ClearVoice,Low,a,A,"5,147"
Singer12_ClearVoice_Low_i.wav,12,Technique,ClearVoice,Low,i,A,"5,09566666666667"
Singer12_ClearVoice_Low_lyrics.wav,12,Technique,ClearVoice,Low,lyrics,A,"15,2358333333333"
Singer12_ClearVoice_Low_u.wav,12,Technique,ClearVoice,Low,u,A,"5,00225"
Singer12_ClearVoice_Mid_a.wav,12,Technique,ClearVoice,Mid,a,A,"4,962"
Singer12_ClearVoice_Mid_i.wav,12,Technique,ClearVoice,Mid,i,A,"4,935"
Singer12_ClearVoice_Mid_lyrics.wav,12,Technique,ClearVoice,Mid,lyrics,A,"14,9323333333333"
Singer12_ClearVoice_Mid_u.wav,12,Technique,ClearVoice,Mid,u,A,"4,92333333333333"
Singer12_DeathGrowl_Low_a.wav,12,Technique,DeathGrowl,Low,a,A,"4,39566666666667"
Singer12_DeathGrowl_Low_i.wav,12,Technique,DeathGrowl,Low,i,A,"3,44533333333333"
Singer12_DeathGrowl_Low_lyrics.wav,12,Technique,DeathGrowl,Low,lyrics,A,"14,8253333333333"
Singer12_DeathGrowl_Low_u.wav,12,Technique,DeathGrowl,Low,u,A,"2,94833333333333"
Singer12_DeathGrowl_Mid_a.wav,12,Technique,DeathGrowl,Mid,a,A,"4,97"
Singer12_DeathGrowl_Mid_i.wav,12,Technique,DeathGrowl,Mid,i,A,"4,928"
Singer12_DeathGrowl_Mid_lyrics.wav,12,Technique,DeathGrowl,Mid,lyrics,A,"14,8216666666667"
Singer12_DeathGrowl_Mid_u.wav,12,Technique,DeathGrowl,Mid,u,A,"5,02233333333333"
Singer12_GrindInhale_a.wav,12,Technique,GrindInhale,-,-,A,"4,893"
Singer12_GrindInhale_a_2.wav,12,Technique,GrindInhale,-,-,A,"4,91166666666667"
Singer12_GrindInhale_i.wav,12,Technique,GrindInhale,-,-,A,"4,98816666666667"
Singer12_GrindInhale_i_2.wav,12,Technique,GrindInhale,-,-,A,"4,9715"
Singer12_GrindInhale_lyrics.wav,12,Technique,GrindInhale,-,-,A,"14,8733333333333"
Singer12_GrindInhale_lyrics_2.wav,12,Technique,GrindInhale,-,-,A,"14,7565"
Singer12_GrindInhale_u.wav,12,Technique,GrindInhale,-,-,A,"4,93333333333333"
Singer12_GrindInhale_u_2.wav,12,Technique,GrindInhale,-,-,A,"4,906"
Singer12_HardcoreScream_High_a.wav,12,Technique,HardcoreScream,High,a,A,"5,08133333333333"
Singer12_HardcoreScream_High_i.wav,12,Technique,HardcoreScream,High,i,A,"4,98283333333333"
Singer12_HardcoreScream_High_lyrics.wav,12,Technique,HardcoreScream,High,lyrics,A,"14,8"
Singer12_HardcoreScream_High_u.wav,12,Technique,HardcoreScream,High,u,A,"5,08208333333333"
Singer12_HardcoreScream_Low_a.wav,12,Technique,HardcoreScream,Low,a,A,"4,98933333333333"
Singer12_HardcoreScream_Low_i.wav,12,Technique,HardcoreScream,Low,i,A,"5,02466666666667"
Singer12_HardcoreScream_Low_lyrics.wav,12,Technique,HardcoreScream,Low,lyrics,A,"14,8213333333333"
Singer12_HardcoreScream_Low_u.wav,12,Technique,HardcoreScream,Low,u,A,"5,103"
Singer12_HardcoreScream_Mid_a.wav,12,Technique,HardcoreScream,Mid,a,A,"4,93233333333333"
Singer12_HardcoreScream_Mid_i.wav,12,Technique,HardcoreScream,Mid,i,A,"5,06966666666667"
Singer12_HardcoreScream_Mid_lyrics.wav,12,Technique,HardcoreScream,Mid,lyrics,A,"14,8303333333333"
Singer12_HardcoreScream_Mid_u.wav,12,Technique,HardcoreScream,Mid,u,A,"5,15133333333333"
Singer13_BlackShriek_High_a.wav,13,Technique,BlackShriek,High,a,A,"4,96783333333333"
Singer13_BlackShriek_High_i.wav,13,Technique,BlackShriek,High,i,A,"4,973"
Singer13_BlackShriek_High_lyrics.wav,13,Technique,BlackShriek,High,lyrics,A,"15,2533333333333"
Singer13_BlackShriek_High_u.wav,13,Technique,BlackShriek,High,u,A,"5,154"
Singer13_DeathGrowl_Low_a.wav,13,Technique,DeathGrowl,Low,a,A,"2,586"
Singer13_DeathGrowl_Low_i.wav,13,Technique,DeathGrowl,Low,i,A,"2,66816666666667"
Singer13_DeathGrowl_Low_lyrics.wav,13,Technique,DeathGrowl,Low,lyrics,A,"15,264"
Singer13_DeathGrowl_Low_u.wav,13,Technique,DeathGrowl,Low,u,A,"2,62966666666667"
Singer13_DeathGrowl_Mid_a.wav,13,Technique,DeathGrowl,Mid,a,A,"2,77833333333333"
Singer13_DeathGrowl_Mid_i.wav,13,Technique,DeathGrowl,Mid,i,A,"2,81666666666667"
Singer13_DeathGrowl_Mid_lyrics.wav,13,Technique,DeathGrowl,Mid,lyrics,A,"15,2293333333333"
Singer13_DeathGrowl_Mid_u.wav,13,Technique,DeathGrowl,Mid,u,A,"2,66983333333333"
Singer14_Effect_DeepGutturals.wav,14,Effect,DeepGutturals,-,-,A,"6,032"
Singer14_Effect_TunnelThroat.wav,14,Effect,TunnelThroat,-,-,C,"4,72433333333333"
Singer14_Other_ClearDeathGrowl_Mid_a.wav,14,Other,-,-,-,-,"4,56183333333333"
Singer14_Other_ClearDeathGrowl_Mid_i.wav,14,Other,-,-,-,-,"4,94275"
Singer14_Other_ClearDeathGrowl_Mid_lyrics.wav,14,Other,-,-,-,-,"14,8026666666667"
Singer14_Other_ClearDeathGrowl_Mid_u.wav,14,Other,-,-,-,-,"5,064"
Singer14_BlackShriek_High_a.wav,14,Technique,BlackShriek,High,a,A,"4,81645833333333"
Singer14_BlackShriek_High_i.wav,14,Technique,BlackShriek,High,i,A,"5,044"
Singer14_BlackShriek_High_lyrics.wav,14,Technique,BlackShriek,High,lyrics,A,"14,64"
Singer14_BlackShriek_High_u.wav,14,Technique,BlackShriek,High,u,C,"4,95133333333333"
Singer14_BlackShriek_Mid_a.wav,14,Technique,BlackShriek,Mid,a,B,"5,10433333333333"
Singer14_BlackShriek_Mid_i.wav,14,Technique,BlackShriek,Mid,i,B,"5,08083333333333"
Singer14_BlackShriek_Mid_lyrics.wav,14,Technique,BlackShriek,Mid,lyrics,B,"15,092"
Singer14_BlackShriek_Mid_u.wav,14,Technique,BlackShriek,Mid,u,B,"5,0015"
Singer14_ClearVoice_High_a.wav,14,Technique,ClearVoice,High,a,A,"4,76941666666667"
Singer14_ClearVoice_High_i.wav,14,Technique,ClearVoice,High,i,A,"5,05383333333333"
Singer14_ClearVoice_High_lyrics.wav,14,Technique,ClearVoice,High,lyrics,A,"14,707"
Singer14_ClearVoice_High_u.wav,14,Technique,ClearVoice,High,u,A,"4,94983333333333"
Singer14_ClearVoice_Low_a.wav,14,Technique,ClearVoice,Low,a,A,"4,881"
Singer14_ClearVoice_Low_i.wav,14,Technique,ClearVoice,Low,i,A,"4,96225"
Singer14_ClearVoice_Low_lyrics.wav,14,Technique,ClearVoice,Low,lyrics,A,"14,3050416666667"
Singer14_ClearVoice_Low_u.wav,14,Technique,ClearVoice,Low,u,A,"5,00833333333333"
Singer14_ClearVoice_Mid_a.wav,14,Technique,ClearVoice,Mid,a,A,"4,761"
Singer14_ClearVoice_Mid_i.wav,14,Technique,ClearVoice,Mid,i,A,"4,90716666666667"
Singer14_ClearVoice_Mid_lyrics.wav,14,Technique,ClearVoice,Mid,lyrics,A,"13,841"
Singer14_ClearVoice_Mid_u.wav,14,Technique,ClearVoice,Mid,u,A,"4,91729166666667"
Singer14_DeathGrowl_Low_a.wav,14,Technique,DeathGrowl,Low,a,A,"5,573"
Singer14_DeathGrowl_Low_i.wav,14,Technique,DeathGrowl,Low,i,A,"5,00133333333333"
Singer14_DeathGrowl_Low_lyrics.wav,14,Technique,DeathGrowl,Low,lyrics,A,"14,5966666666667"
Singer14_DeathGrowl_Low_u.wav,14,Technique,DeathGrowl,Low,u,A,"4,86783333333333"
Singer14_DeathGrowl_Mid_a.wav,14,Technique,DeathGrowl,Mid,a,A,"4,865"
Singer14_DeathGrowl_Mid_i.wav,14,Technique,DeathGrowl,Mid,i,A,"4,88033333333333"
Singer14_DeathGrowl_Mid_lyrics.wav,14,Technique,DeathGrowl,Mid,lyrics,A,"14,8066666666667"
Singer14_DeathGrowl_Mid_u.wav,14,Technique,DeathGrowl,Mid,u,A,"4,9065"
Singer15_BlackShriek_High_a.wav,15,Technique,BlackShriek,High,a,C,"4,39966666666667"
Singer15_BlackShriek_High_i.wav,15,Technique,BlackShriek,High,i,C,"3,43066666666667"
Singer15_BlackShriek_High_lyrics.wav,15,Technique,BlackShriek,High,lyrics,C,"13,1993333333333"
Singer15_BlackShriek_High_u.wav,15,Technique,BlackShriek,High,u,C,"2,56066666666667"
Singer15_BlackShriek_Mid_a.wav,15,Technique,BlackShriek,Mid,a,C,"3,91566666666667"
Singer15_BlackShriek_Mid_i.wav,15,Technique,BlackShriek,Mid,i,C,"3,35566666666667"
Singer15_BlackShriek_Mid_lyrics.wav,15,Technique,BlackShriek,Mid,lyrics,C,"13,534"
Singer15_BlackShriek_Mid_u.wav,15,Technique,BlackShriek,Mid,u,C,"3,71333333333333"
Singer15_ClearVoice_High_a.wav,15,Technique,ClearVoice,High,a,A,"4,19983333333333"
Singer15_ClearVoice_High_i.wav,15,Technique,ClearVoice,High,i,A,"4,6535"
Singer15_ClearVoice_High_lyrics.wav,15,Technique,ClearVoice,High,lyrics,A,"13,4386666666667"
Singer15_ClearVoice_High_u.wav,15,Technique,ClearVoice,High,u,A,"4,87866666666667"
Singer15_ClearVoice_Low_a.wav,15,Technique,ClearVoice,Low,a,A,"5,3135"
Singer15_ClearVoice_Low_i.wav,15,Technique,ClearVoice,Low,i,A,"5,07466666666667"
Singer15_ClearVoice_Low_lyrics.wav,15,Technique,ClearVoice,Low,lyrics,A,"13,8"
Singer15_ClearVoice_Low_u.wav,15,Technique,ClearVoice,Low,u,A,"5,32783333333333"
Singer15_ClearVoice_Mid_a.wav,15,Technique,ClearVoice,Mid,a,A,"5,17641666666667"
Singer15_ClearVoice_Mid_i.wav,15,Technique,ClearVoice,Mid,i,A,"4,47933333333333"
Singer15_ClearVoice_Mid_lyrics.wav,15,Technique,ClearVoice,Mid,lyrics,A,"13,7452083333333"
Singer15_ClearVoice_Mid_u.wav,15,Technique,ClearVoice,Mid,u,A,"4,95966666666667"
Singer15_DeathGrowl_Low_a.wav,15,Technique,DeathGrowl,Low,a,B,"2,21"
Singer15_DeathGrowl_Low_i.wav,15,Technique,DeathGrowl,Low,i,B,"1,92733333333333"
Singer15_DeathGrowl_Low_lyrics.wav,15,Technique,DeathGrowl,Low,lyrics,B,"13,0426666666667"
Singer15_DeathGrowl_Low_u.wav,15,Technique,DeathGrowl,Low,u,B,"2,13983333333333"
Singer15_DeathGrowl_Mid_a.wav,15,Technique,DeathGrowl,Mid,a,B,"3,487"
Singer15_DeathGrowl_Mid_i.wav,15,Technique,DeathGrowl,Mid,i,B,"2,93483333333333"
Singer15_DeathGrowl_Mid_lyrics.wav,15,Technique,DeathGrowl,Mid,lyrics,B,"13,436"
Singer15_DeathGrowl_Mid_u.wav,15,Technique,DeathGrowl,Mid,u,B,"3,27158333333333"
Singer15_HardcoreScream_High_a.wav,15,Technique,HardcoreScream,High,a,A,"2,722"
Singer15_HardcoreScream_High_i.wav,15,Technique,HardcoreScream,High,i,A,"2,75491666666667"
Singer15_HardcoreScream_High_lyrics.wav,15,Technique,HardcoreScream,High,lyrics,A,"14,2163333333333"
Singer15_HardcoreScream_High_u.wav,15,Technique,HardcoreScream,High,u,A,"2,09316666666667"
Singer15_HardcoreScream_Low_a.wav,15,Technique,HardcoreScream,Low,a,A,"3,36333333333333"
Singer15_HardcoreScream_Low_i.wav,15,Technique,HardcoreScream,Low,i,A,"2,74533333333333"
Singer15_HardcoreScream_Low_lyrics.wav,15,Technique,HardcoreScream,Low,lyrics,A,"13,558"
Singer15_HardcoreScream_Low_u.wav,15,Technique,HardcoreScream,Low,u,A,"3,5275"
Singer15_HardcoreScream_Mid_a.wav,15,Technique,HardcoreScream,Mid,a,A,"3,87733333333333"
Singer15_HardcoreScream_Mid_i.wav,15,Technique,HardcoreScream,Mid,i,A,"2,998"
Singer15_HardcoreScream_Mid_lyrics.wav,15,Technique,HardcoreScream,Mid,lyrics,A,"13,2106666666667"
Singer15_HardcoreScream_Mid_u.wav,15,Technique,HardcoreScream,Mid,u,A,"3,11475"
Singer16_Effect_PigSqueal.wav,16,Effect,PigSqueal,-,-,A,"2,56533333333333"
Singer16_BlackShriek_High_a.wav,16,Technique,BlackShriek,High,a,C,"3,22358333333333"
Singer16_BlackShriek_High_i.wav,16,Technique,BlackShriek,High,i,C,"4,14433333333333"
Singer16_BlackShriek_High_lyrics.wav,16,Technique,BlackShriek,High,lyrics,C,"14,0693333333333"
Singer16_BlackShriek_High_u.wav,16,Technique,BlackShriek,High,u,C,"5,23033333333333"
Singer16_BlackShriek_Mid_a.wav,16,Technique,BlackShriek,Mid,a,C,"3,81591666666667"
Singer16_BlackShriek_Mid_i.wav,16,Technique,BlackShriek,Mid,i,C,"4,00177083333333"
Singer16_BlackShriek_Mid_lyrics.wav,16,Technique,BlackShriek,Mid,lyrics,C,"13,4836666666667"
Singer16_BlackShriek_Mid_u.wav,16,Technique,BlackShriek,Mid,u,C,"3,42733333333333"
Singer16_ClearVoice_High_a.wav,16,Technique,ClearVoice,High,a,A,"4,82429166666667"
Singer16_ClearVoice_High_i.wav,16,Technique,ClearVoice,High,i,A,"4,8735"
Singer16_ClearVoice_High_lyrics.wav,16,Technique,ClearVoice,High,lyrics,A,"13,515"
Singer16_ClearVoice_High_u.wav,16,Technique,ClearVoice,High,u,A,"5,00516666666667"
Singer16_ClearVoice_Low_a.wav,16,Technique,ClearVoice,Low,a,A,"4,91683333333333"
Singer16_ClearVoice_Low_i.wav,16,Technique,ClearVoice,Low,i,A,"4,96727083333333"
Singer16_ClearVoice_Low_lyrics.wav,16,Technique,ClearVoice,Low,lyrics,A,"13,6213333333333"
Singer16_ClearVoice_Low_u.wav,16,Technique,ClearVoice,Low,u,A,"4,90525"
Singer16_ClearVoice_Mid_a.wav,16,Technique,ClearVoice,Mid,a,A,"5,09808333333333"
Singer16_ClearVoice_Mid_i.wav,16,Technique,ClearVoice,Mid,i,A,"4,961"
Singer16_ClearVoice_Mid_lyrics.wav,16,Technique,ClearVoice,Mid,lyrics,A,"13,8906666666667"
Singer16_ClearVoice_Mid_u.wav,16,Technique,ClearVoice,Mid,u,A,"4,93941666666667"
Singer16_DeathGrowl_Low_a.wav,16,Technique,DeathGrowl,Low,a,A,"2,24491666666667"
Singer16_DeathGrowl_Low_i.wav,16,Technique,DeathGrowl,Low,i,A,"2,20575"
Singer16_DeathGrowl_Low_lyrics.wav,16,Technique,DeathGrowl,Low,lyrics,A,"8,844"
Singer16_DeathGrowl_Low_u.wav,16,Technique,DeathGrowl,Low,u,A,"2,40222916666667"
Singer16_DeathGrowl_Mid_a.wav,16,Technique,DeathGrowl,Mid,a,A,"2,00808333333333"
Singer16_DeathGrowl_Mid_i.wav,16,Technique,DeathGrowl,Mid,i,A,"2,057"
Singer16_DeathGrowl_Mid_lyrics.wav,16,Technique,DeathGrowl,Mid,lyrics,A,"8,9945"
Singer16_DeathGrowl_Mid_u.wav,16,Technique,DeathGrowl,Mid,u,A,"1,941875"
Singer16_GrindInhale_a.wav,16,Technique,GrindInhale,-,-,A,"4,73225"
Singer16_GrindInhale_i.wav,16,Technique,GrindInhale,-,-,A,"5,0279375"
Singer16_GrindInhale_lyrics.wav,16,Technique,GrindInhale,-,-,A,"13,4703333333333"
Singer16_GrindInhale_u.wav,16,Technique,GrindInhale,-,-,A,"5,013"
Singer16_HardcoreScream_High_a.wav,16,Technique,HardcoreScream,High,a,A,"4,55233333333333"
Singer16_HardcoreScream_High_a_2.wav,16,Technique,HardcoreScream,High,a,A,"5,08833333333333"
Singer16_HardcoreScream_High_i.wav,16,Technique,HardcoreScream,High,i,A,"4,86766666666667"
Singer16_HardcoreScream_High_i_2.wav,16,Technique,HardcoreScream,High,i,A,"5,31033333333333"
Singer16_HardcoreScream_High_lyrics.wav,16,Technique,HardcoreScream,High,lyrics,A,"13,8046666666667"
Singer16_HardcoreScream_High_lyrics_2.wav,16,Technique,HardcoreScream,High,lyrics,A,"14,4666666666667"
Singer16_HardcoreScream_High_u.wav,16,Technique,HardcoreScream,High,u,A,"5,00383333333333"
Singer16_HardcoreScream_High_u_2.wav,16,Technique,HardcoreScream,High,u,A,"5,28333333333333"
Singer16_HardcoreScream_Low_a.wav,16,Technique,HardcoreScream,Low,a,A,"4,46233333333333"
Singer16_HardcoreScream_Low_a_2.wav,16,Technique,HardcoreScream,Low,a,A,"4,515"
Singer16_HardcoreScream_Low_i.wav,16,Technique,HardcoreScream,Low,i,A,"4,51966666666667"
Singer16_HardcoreScream_Low_i_2.wav,16,Technique,HardcoreScream,Low,i,A,"5,18466666666667"
Singer16_HardcoreScream_Low_lyrics.wav,16,Technique,HardcoreScream,Low,lyrics,A,"13,4253333333333"
Singer16_HardcoreScream_Low_lyrics_2.wav,16,Technique,HardcoreScream,Low,lyrics,A,"9,64533333333333"
Singer16_HardcoreScream_Low_u.wav,16,Technique,HardcoreScream,Low,u,A,"5,06766666666667"
Singer16_HardcoreScream_Low_u_2.wav,16,Technique,HardcoreScream,Low,u,A,"5,167"
Singer16_HardcoreScream_Mid_a.wav,16,Technique,HardcoreScream,Mid,a,A,"4,41333333333333"
Singer16_HardcoreScream_Mid_a_2.wav,16,Technique,HardcoreScream,Mid,a,A,"4,88566666666667"
Singer16_HardcoreScream_Mid_a_3.wav,16,Technique,HardcoreScream,Mid,a,A,"4,83333333333333"
Singer16_HardcoreScream_Mid_i.wav,16,Technique,HardcoreScream,Mid,i,A,"4,89741666666667"
Singer16_HardcoreScream_Mid_i_2.wav,16,Technique,HardcoreScream,Mid,i,A,"5,3975"
Singer16_HardcoreScream_Mid_i_3.wav,16,Technique,HardcoreScream,Mid,i,A,"5,116"
Singer16_HardcoreScream_Mid_lyrics.wav,16,Technique,HardcoreScream,Mid,lyrics,A,"13,476"
Singer16_HardcoreScream_Mid_lyrics_3.wav,16,Technique,HardcoreScream,Mid,lyrics,A,"15,2753333333333"
Singer16_HardcoreScream_Mid_u.wav,16,Technique,HardcoreScream,Mid,u,A,"5,572"
Singer16_HardcoreScream_Mid_u_2.wav,16,Technique,HardcoreScream,Mid,u,A,"5,38133333333333"
Singer16_HardcoreScream_Mid_u_3.wav,16,Technique,HardcoreScream,Mid,u,A,"5,53666666666667"
Singer17_Effect_DeepGutturals.wav,17,Effect,DeepGutturals,-,-,A,"6,70133333333333"
Singer17_Effect_PigSqueal.wav,17,Effect,PigSqueal,-,-,A,"11,4346666666667"
Singer17_Effect_TunnelThroat.wav,17,Effect,TunnelThroat,-,-,B,"5,43266666666667"
Singer17_BlackShriek_High_a.wav,17,Technique,BlackShriek,High,a,A,"4,86595833333333"
Singer17_BlackShriek_High_i.wav,17,Technique,BlackShriek,High,i,A,"4,97575"
Singer17_BlackShriek_High_lyrics.wav,17,Technique,BlackShriek,High,lyrics,A,"14,6856666666667"
Singer17_BlackShriek_High_u.wav,17,Technique,BlackShriek,High,u,A,"5,09479166666667"
Singer17_BlackShriek_Mid_a.wav,17,Technique,BlackShriek,Mid,a,A,"4,81629166666667"
Singer17_BlackShriek_Mid_i.wav,17,Technique,BlackShriek,Mid,i,A,"4,90233333333333"
Singer17_BlackShriek_Mid_lyrics.wav,17,Technique,BlackShriek,Mid,lyrics,A,"14,6973333333333"
Singer17_BlackShriek_Mid_u.wav,17,Technique,BlackShriek,Mid,u,C,"5,11666666666667"
Singer17_ClearVoice_High_a.wav,17,Technique,ClearVoice,High,a,A,"4,93191666666667"
Singer17_ClearVoice_High_i.wav,17,Technique,ClearVoice,High,i,A,"4,96016666666667"
Singer17_ClearVoice_High_lyrics.wav,17,Technique,ClearVoice,High,lyrics,A,"14,7946666666667"
Singer17_ClearVoice_High_u.wav,17,Technique,ClearVoice,High,u,A,"4,868"
Singer17_ClearVoice_Low_a.wav,17,Technique,ClearVoice,Low,a,A,"5,04541666666667"
Singer17_ClearVoice_Low_i.wav,17,Technique,ClearVoice,Low,i,A,"5,10433333333333"
Singer17_ClearVoice_Low_lyrics.wav,17,Technique,ClearVoice,Low,lyrics,A,"14,8213333333333"
Singer17_ClearVoice_Low_u.wav,17,Technique,ClearVoice,Low,u,A,"4,982"
Singer17_ClearVoice_Mid_a.wav,17,Technique,ClearVoice,Mid,a,A,"5,00183333333333"
Singer17_ClearVoice_Mid_i.wav,17,Technique,ClearVoice,Mid,i,A,"4,98666666666667"
Singer17_ClearVoice_Mid_lyrics.wav,17,Technique,ClearVoice,Mid,lyrics,A,"14,836"
Singer17_ClearVoice_Mid_u.wav,17,Technique,ClearVoice,Mid,u,A,"5,145"
Singer17_DeathGrowl_Low_a.wav,17,Technique,DeathGrowl,Low,a,A,"4,6905"
Singer17_DeathGrowl_Low_i.wav,17,Technique,DeathGrowl,Low,i,A,"4,85066666666667"
Singer17_DeathGrowl_Low_lyrics.wav,17,Technique,DeathGrowl,Low,lyrics,A,"14,4966666666667"
Singer17_DeathGrowl_Low_u.wav,17,Technique,DeathGrowl,Low,u,A,"4,84966666666667"
Singer17_DeathGrowl_Mid_a.wav,17,Technique,DeathGrowl,Mid,a,A,"4,64866666666667"
Singer17_DeathGrowl_Mid_i.wav,17,Technique,DeathGrowl,Mid,i,A,"4,81258333333333"
Singer17_DeathGrowl_Mid_lyrics.wav,17,Technique,DeathGrowl,Mid,lyrics,A,"14,2933333333333"
Singer17_DeathGrowl_Mid_u.wav,17,Technique,DeathGrowl,Mid,u,A,"4,84433333333333"
Singer17_GrindInhale_a.wav,17,Technique,GrindInhale,-,-,A,"4,89166666666667"
Singer17_GrindInhale_i.wav,17,Technique,GrindInhale,-,-,A,"5,01"
Singer17_GrindInhale_lyrics.wav,17,Technique,GrindInhale,-,-,A,"14,9393333333333"
Singer17_GrindInhale_u.wav,17,Technique,GrindInhale,-,-,A,"5,129"
Singer17_HardcoreScream_High_a.wav,17,Technique,HardcoreScream,High,a,C,"4,834"
Singer17_HardcoreScream_High_i.wav,17,Technique,HardcoreScream,High,i,C,"4,932875"
Singer17_HardcoreScream_High_lyrics.wav,17,Technique,HardcoreScream,High,lyrics,C,"14,414"
Singer17_HardcoreScream_Low_a.wav,17,Technique,HardcoreScream,Low,a,C,"4,947"
Singer17_HardcoreScream_Low_i.wav,17,Technique,HardcoreScream,Low,i,C,"5,05866666666667"
Singer17_HardcoreScream_Low_lyrics.wav,17,Technique,HardcoreScream,Low,lyrics,C,"14,7373333333333"
Singer17_HardcoreScream_Low_u.wav,17,Technique,HardcoreScream,Low,u,C,"4,94033333333333"
Singer17_HardcoreScream_Mid_a.wav,17,Technique,HardcoreScream,Mid,a,C,"4,65083333333333"
Singer17_HardcoreScream_Mid_i.wav,17,Technique,HardcoreScream,Mid,i,C,"4,848625"
Singer17_HardcoreScream_Mid_lyrics.wav,17,Technique,HardcoreScream,Mid,lyrics,C,"14,571"
Singer17_HardcoreScream_Mid_u.wav,17,Technique,HardcoreScream,Mid,u,C,"4,94933333333333"
Singer18_Effect_DeepGutturals.wav,18,Effect,DeepGutturals,-,-,C,"6,93466666666667"
Singer18_Effect_TunnelThroat.wav,18,Effect,TunnelThroat,-,-,C,"8,87766666666667"
Singer18_Other_PigSquealExhale.wav,18,Other,-,-,-,-,"5,04408333333333"
Singer18_BlackShriek_High_a.wav,18,Technique,BlackShriek,High,a,C,"4,71764583333333"
Singer18_BlackShriek_High_i.wav,18,Technique,BlackShriek,High,i,C,"4,82083333333333"
Singer18_BlackShriek_High_lyrics.wav,18,Technique,BlackShriek,High,lyrics,C,"21,2493333333333"
Singer18_BlackShriek_High_u.wav,18,Technique,BlackShriek,High,u,C,"5,05533333333333"
Singer18_BlackShriek_Mid_a.wav,18,Technique,BlackShriek,Mid,a,C,"5,22866666666667"
Singer18_BlackShriek_Mid_i.wav,18,Technique,BlackShriek,Mid,i,C,"5,30166666666667"
Singer18_BlackShriek_Mid_lyrics.wav,18,Technique,BlackShriek,Mid,lyrics,C,"15,2156666666667"
Singer18_BlackShriek_Mid_u.wav,18,Technique,BlackShriek,Mid,u,C,"5,074"
Singer18_ClearVoice_High_a.wav,18,Technique,ClearVoice,High,a,A,"5,405"
Singer18_ClearVoice_High_i.wav,18,Technique,ClearVoice,High,i,A,"5,162"
Singer18_ClearVoice_High_lyrics.wav,18,Technique,ClearVoice,High,lyrics,A,"18,2646666666667"
Singer18_ClearVoice_High_u.wav,18,Technique,ClearVoice,High,u,A,"5,11375"
Singer18_ClearVoice_Low_a.wav,18,Technique,ClearVoice,Low,a,A,"5,24833333333333"
Singer18_ClearVoice_Low_i.wav,18,Technique,ClearVoice,Low,i,A,"5,50041666666667"
Singer18_ClearVoice_Low_lyrics.wav,18,Technique,ClearVoice,Low,lyrics,A,"14,9566666666667"
Singer18_ClearVoice_Low_u.wav,18,Technique,ClearVoice,Low,u,A,"5,11866666666667"
Singer18_ClearVoice_Mid_a.wav,18,Technique,ClearVoice,Mid,a,A,"5,12425"
Singer18_ClearVoice_Mid_i.wav,18,Technique,ClearVoice,Mid,i,A,"5,175"
Singer18_ClearVoice_Mid_lyrics.wav,18,Technique,ClearVoice,Mid,lyrics,A,"14,9246666666667"
Singer18_ClearVoice_Mid_u.wav,18,Technique,ClearVoice,Mid,u,A,"5,30533333333333"
Singer18_DeathGrowl_Low_a.wav,18,Technique,DeathGrowl,Low,a,C,"2,234"
Singer18_DeathGrowl_Low_i.wav,18,Technique,DeathGrowl,Low,i,C,"2,968"
Singer18_DeathGrowl_Low_lyrics.wav,18,Technique,DeathGrowl,Low,lyrics,C,"15,1436666666667"
Singer18_DeathGrowl_Low_u.wav,18,Technique,DeathGrowl,Low,u,C,"2,66183333333333"
Singer18_DeathGrowl_Mid_a.wav,18,Technique,DeathGrowl,Mid,a,C,"2,96966666666667"
Singer18_DeathGrowl_Mid_i.wav,18,Technique,DeathGrowl,Mid,i,C,"3,46866666666667"
Singer18_DeathGrowl_Mid_lyrics.wav,18,Technique,DeathGrowl,Mid,lyrics,C,"15,0458333333333"
Singer18_DeathGrowl_Mid_u.wav,18,Technique,DeathGrowl,Mid,u,C,"2,2935"
Singer18_HardcoreScream_High_a.wav,18,Technique,HardcoreScream,High,a,B,"5,12654166666667"
Singer18_HardcoreScream_High_i.wav,18,Technique,HardcoreScream,High,i,B,"5,1035"
Singer18_HardcoreScream_High_lyrics.wav,18,Technique,HardcoreScream,High,lyrics,C,"14,3868333333333"
Singer18_HardcoreScream_High_u.wav,18,Technique,HardcoreScream,High,u,C,"5,17833333333333"
Singer18_HardcoreScream_Low_a.wav,18,Technique,HardcoreScream,Low,a,A,"4,92833333333333"
Singer18_HardcoreScream_Low_i.wav,18,Technique,HardcoreScream,Low,i,A,"5,139"
Singer18_HardcoreScream_Low_lyrics.wav,18,Technique,HardcoreScream,Low,lyrics,A,"15,133"
Singer18_HardcoreScream_Low_u.wav,18,Technique,HardcoreScream,Low,u,A,"5,02733333333333"
Singer18_HardcoreScream_Mid_a.wav,18,Technique,HardcoreScream,Mid,a,B,"5,079"
Singer18_HardcoreScream_Mid_i.wav,18,Technique,HardcoreScream,Mid,i,B,"5,0365"
Singer18_HardcoreScream_Mid_lyrics.wav,18,Technique,HardcoreScream,Mid,lyrics,C,"14,9533333333333"
Singer18_HardcoreScream_Mid_u.wav,18,Technique,HardcoreScream,Mid,u,B,"5,30233333333333"
Singer19_BlackShriek_Mid_a.wav,19,Technique,BlackShriek,Mid,a,C,"5,265"
Singer19_BlackShriek_Mid_i.wav,19,Technique,BlackShriek,Mid,i,C,"5,21733333333333"
Singer19_BlackShriek_Mid_lyrics.wav,19,Technique,BlackShriek,Mid,lyrics,C,"13,9751666666667"
Singer19_BlackShriek_Mid_u.wav,19,Technique,BlackShriek,Mid,u,C,"5,27666666666667"
Singer19_ClearVoice_High_a.wav,19,Technique,ClearVoice,High,a,A,"5,26366666666667"
Singer19_ClearVoice_High_i.wav,19,Technique,ClearVoice,High,i,A,"5,33183333333333"
Singer19_ClearVoice_High_lyrics.wav,19,Technique,ClearVoice,High,lyrics,A,"14,50475"
Singer19_ClearVoice_High_u.wav,19,Technique,ClearVoice,High,u,A,"5,29683333333333"
Singer19_ClearVoice_Low_a.wav,19,Technique,ClearVoice,Low,a,A,"5,56633333333333"
Singer19_ClearVoice_Low_i.wav,19,Technique,ClearVoice,Low,i,A,"5,319"
Singer19_ClearVoice_Low_lyrics.wav,19,Technique,ClearVoice,Low,lyrics,A,"14,2"
Singer19_ClearVoice_Low_u.wav,19,Technique,ClearVoice,Low,u,A,"5,32683333333333"
Singer19_ClearVoice_Mid_a.wav,19,Technique,ClearVoice,Mid,a,A,"5,21633333333333"
Singer19_ClearVoice_Mid_i.wav,19,Technique,ClearVoice,Mid,i,A,"5,17233333333333"
Singer19_ClearVoice_Mid_lyrics.wav,19,Technique,ClearVoice,Mid,lyrics,A,"14,072"
Singer19_ClearVoice_Mid_u.wav,19,Technique,ClearVoice,Mid,u,A,"5,24416666666667"
Singer19_DeathGrowl_Low_a.wav,19,Technique,DeathGrowl,Low,a,B,"5,098"
Singer19_DeathGrowl_Low_i.wav,19,Technique,DeathGrowl,Low,i,B,"5,24466666666667"
Singer19_DeathGrowl_Low_lyrics.wav,19,Technique,DeathGrowl,Low,lyrics,B,"14,272"
Singer19_DeathGrowl_Low_u.wav,19,Technique,DeathGrowl,Low,u,B,"5,456"
Singer19_DeathGrowl_Mid_a.wav,19,Technique,DeathGrowl,Mid,a,B,"5,33066666666667"
Singer19_DeathGrowl_Mid_i.wav,19,Technique,DeathGrowl,Mid,i,B,"5,408"
Singer19_DeathGrowl_Mid_lyrics.wav,19,Technique,DeathGrowl,Mid,lyrics,B,"14,0896666666667"
Singer19_DeathGrowl_Mid_u.wav,19,Technique,DeathGrowl,Mid,u,B,"5,31866666666667"
Singer19_HardcoreScream_High_a.wav,19,Technique,HardcoreScream,High,a,A,"5,12333333333333"
Singer19_HardcoreScream_High_i.wav,19,Technique,HardcoreScream,High,i,A,"5,28"
Singer19_HardcoreScream_High_lyrics.wav,19,Technique,HardcoreScream,High,lyrics,A,"13,998"
Singer19_HardcoreScream_High_u.wav,19,Technique,HardcoreScream,High,u,A,"4,98733333333333"
Singer19_HardcoreScream_Low_a.wav,19,Technique,HardcoreScream,Low,a,A,"5,32933333333333"
Singer19_HardcoreScream_Low_i.wav,19,Technique,HardcoreScream,Low,i,A,"5,2565"
Singer19_HardcoreScream_Low_lyrics.wav,19,Technique,HardcoreScream,Low,lyrics,A,"13,9593333333333"
Singer19_HardcoreScream_Low_u.wav,19,Technique,HardcoreScream,Low,u,A,"5,24966666666667"
Singer19_HardcoreScream_Mid_a.wav,19,Technique,HardcoreScream,Mid,a,A,"5,35233333333333"
Singer19_HardcoreScream_Mid_i.wav,19,Technique,HardcoreScream,Mid,i,A,"5,2505"
Singer19_HardcoreScream_Mid_lyrics.wav,19,Technique,HardcoreScream,Mid,lyrics,A,"13,8298333333333"
Singer19_HardcoreScream_Mid_u.wav,19,Technique,HardcoreScream,Mid,u,A,"5,32483333333333"
Singer20_Effect_PigSqueal.wav,20,Effect,PigSqueal,-,-,B,"6,37383333333333"
Singer20_BlackShriek_High_a.wav,20,Technique,BlackShriek,High,a,C,"4,596"
Singer20_BlackShriek_High_i.wav,20,Technique,BlackShriek,High,i,C,"4,42966666666667"
Singer20_BlackShriek_High_lyrics.wav,20,Technique,BlackShriek,High,lyrics,C,"14,568"
Singer20_BlackShriek_High_u.wav,20,Technique,BlackShriek,High,u,C,"3,83666666666667"
Singer20_BlackShriek_Mid_a.wav,20,Technique,BlackShriek,Mid,a,C,"4,77033333333333"
Singer20_BlackShriek_Mid_i.wav,20,Technique,BlackShriek,Mid,i,C,"4,43816666666667"
Singer20_BlackShriek_Mid_lyrics.wav,20,Technique,BlackShriek,Mid,lyrics,C,"14,5186666666667"
Singer20_BlackShriek_Mid_u.wav,20,Technique,BlackShriek,Mid,u,C,"4,2015"
Singer20_ClearVoice_High_a.wav,20,Technique,ClearVoice,High,a,A,"5,066"
Singer20_ClearVoice_High_i.wav,20,Technique,ClearVoice,High,i,A,"4,99133333333333"
Singer20_ClearVoice_High_lyrics.wav,20,Technique,ClearVoice,High,lyrics,A,"14,7883333333333"
Singer20_ClearVoice_High_u.wav,20,Technique,ClearVoice,High,u,A,"4,932"
Singer20_ClearVoice_Low_a.wav,20,Technique,ClearVoice,Low,a,A,"5,10683333333333"
Singer20_ClearVoice_Low_i.wav,20,Technique,ClearVoice,Low,i,A,"5,24833333333333"
Singer20_ClearVoice_Low_lyrics.wav,20,Technique,ClearVoice,Low,lyrics,A,"14,6606666666667"
Singer20_ClearVoice_Low_u.wav,20,Technique,ClearVoice,Low,u,A,"4,912375"
Singer20_ClearVoice_Mid_a.wav,20,Technique,ClearVoice,Mid,a,A,"4,79666666666667"
Singer20_ClearVoice_Mid_i.wav,20,Technique,ClearVoice,Mid,i,A,"5,094"
Singer20_ClearVoice_Mid_lyrics.wav,20,Technique,ClearVoice,Mid,lyrics,A,"14,5306666666667"
Singer20_ClearVoice_Mid_u.wav,20,Technique,ClearVoice,Mid,u,A,"4,865"
Singer20_DeathGrowl_Low_a.wav,20,Technique,DeathGrowl,Low,a,C,"5,12233333333333"
Singer20_DeathGrowl_Low_i.wav,20,Technique,DeathGrowl,Low,i,C,"5,124"
Singer20_DeathGrowl_Low_lyrics.wav,20,Technique,DeathGrowl,Low,lyrics,C,"14,364"
Singer20_DeathGrowl_Low_u.wav,20,Technique,DeathGrowl,Low,u,C,"4,94066666666667"
Singer20_DeathGrowl_Mid_a.wav,20,Technique,DeathGrowl,Mid,a,C,"4,348"
Singer20_DeathGrowl_Mid_i.wav,20,Technique,DeathGrowl,Mid,i,C,"4,11433333333333"
Singer20_DeathGrowl_Mid_lyrics.wav,20,Technique,DeathGrowl,Mid,lyrics,C,"14,2256666666667"
Singer20_DeathGrowl_Mid_u.wav,20,Technique,DeathGrowl,Mid,u,C,"4,07183333333333"
Singer20_HardcoreScream_High_a.wav,20,Technique,HardcoreScream,High,a,B,"3,9885"
Singer20_HardcoreScream_High_i.wav,20,Technique,HardcoreScream,High,i,B,"4,09675"
Singer20_HardcoreScream_High_lyrics.wav,20,Technique,HardcoreScream,High,lyrics,B,"14,4213333333333"
Singer20_HardcoreScream_High_u.wav,20,Technique,HardcoreScream,High,u,B,"3,85266666666667"
Singer20_HardcoreScream_Low_a.wav,20,Technique,HardcoreScream,Low,a,B,"4,2345"
Singer20_HardcoreScream_Low_i.wav,20,Technique,HardcoreScream,Low,i,B,"4,268"
Singer20_HardcoreScream_Low_lyrics.wav,20,Technique,HardcoreScream,Low,lyrics,B,"14,3126666666667"
Singer20_HardcoreScream_Low_u.wav,20,Technique,HardcoreScream,Low,u,B,"3,92533333333333"
Singer20_HardcoreScream_Mid_a.wav,20,Technique,HardcoreScream,Mid,a,B,"4,28766666666667"
Singer20_HardcoreScream_Mid_i.wav,20,Technique,HardcoreScream,Mid,i,B,"4,17541666666667"
Singer20_HardcoreScream_Mid_lyrics.wav,20,Technique,HardcoreScream,Mid,lyrics,B,"14,3798333333333"
Singer20_HardcoreScream_Mid_u.wav,20,Technique,HardcoreScream,Mid,u,B,"4,34166666666667"
Singer21_BlackShriek_High_a.wav,21,Technique,BlackShriek,High,a,A,"5,48366666666667"
Singer21_BlackShriek_High_i.wav,21,Technique,BlackShriek,High,i,A,"5,38533333333333"
Singer21_BlackShriek_High_lyrics_1.wav,21,Technique,BlackShriek,High,lyrics,A,"5,76783333333333"
Singer21_BlackShriek_High_lyrics_2.wav,21,Technique,BlackShriek,High,lyrics,A,"5,748"
Singer21_BlackShriek_High_u.wav,21,Technique,BlackShriek,High,u,C,"5,2385"
Singer21_BlackShriek_Mid_a.wav,21,Technique,BlackShriek,Mid,a,A,"5,32833333333333"
Singer21_BlackShriek_Mid_i.wav,21,Technique,BlackShriek,Mid,i,A,"5,13083333333333"
Singer21_BlackShriek_Mid_lyrics.wav,21,Technique,BlackShriek,Mid,lyrics,B,"5,82983333333333"
Singer21_BlackShriek_Mid_lyrics_2.wav,21,Technique,BlackShriek,Mid,lyrics,C,"5,51066666666667"
Singer21_BlackShriek_Mid_u.wav,21,Technique,BlackShriek,Mid,u,C,"5,10866666666667"
Singer21_DeathGrowl_Low_a.wav,21,Technique,DeathGrowl,Low,a,A,"4,941"
Singer21_DeathGrowl_Low_a_2.wav,21,Technique,DeathGrowl,Low,a,A,"5,21666666666667"
Singer21_DeathGrowl_Low_i.wav,21,Technique,DeathGrowl,Low,i,A,"5,0005"
Singer21_DeathGrowl_Low_i_2.wav,21,Technique,DeathGrowl,Low,i,A,"5,161"
Singer21_DeathGrowl_Low_lyrics.wav,21,Technique,DeathGrowl,Low,lyrics,A,"5,87525"
Singer21_DeathGrowl_Low_lyrics_2.wav,21,Technique,DeathGrowl,Low,lyrics,A,"5,43683333333333"
Singer21_DeathGrowl_Low_lyrics_3.wav,21,Technique,DeathGrowl,Low,lyrics,A,"6,09233333333333"
Singer21_DeathGrowl_Low_lyrics_4.wav,21,Technique,DeathGrowl,Low,lyrics,A,"5,488"
Singer21_DeathGrowl_Low_u.wav,21,Technique,DeathGrowl,Low,u,A,"5,29583333333333"
Singer21_DeathGrowl_Low_u_2.wav,21,Technique,DeathGrowl,Low,u,A,"5,10933333333333"
Singer22_Effect_DeepGutturals.wav,22,Effect,DeepGutturals,-,-,C,"12,1293333333333"
Singer22_Effect_PigSqueal.wav,22,Effect,PigSqueal,-,-,A,"6,912"
Singer22_Other_PigSquealExhale.wav,22,Other,-,-,-,-,"5,47566666666667"
Singer22_Other_TunnelThroatInhale.wav,22,Other,-,-,-,-,"17,621"
Singer22_BlackShriek_High_a.wav,22,Technique,BlackShriek,High,a,A,"5,09466666666667"
Singer22_BlackShriek_High_i.wav,22,Technique,BlackShriek,High,i,A,"5,04758333333333"
Singer22_BlackShriek_High_lyrics.wav,22,Technique,BlackShriek,High,lyrics,A,"14,138"
Singer22_BlackShriek_High_u.wav,22,Technique,BlackShriek,High,u,A,"5,0205"
Singer22_BlackShriek_Mid_a.wav,22,Technique,BlackShriek,Mid,a,A,"4,82983333333333"
Singer22_BlackShriek_Mid_a_2.wav,22,Technique,BlackShriek,Mid,a,C,"4,86533333333333"
Singer22_BlackShriek_Mid_i.wav,22,Technique,BlackShriek,Mid,i,A,"4,85091666666667"
Singer22_BlackShriek_Mid_i_2.wav,22,Technique,BlackShriek,Mid,i,C,"5,07883333333333"
Singer22_BlackShriek_Mid_lyrics.wav,22,Technique,BlackShriek,Mid,lyrics,A,"14,0963333333333"
Singer22_BlackShriek_Mid_lyrics_2.wav,22,Technique,BlackShriek,Mid,lyrics,C,"14,5916666666667"
Singer22_BlackShriek_Mid_u.wav,22,Technique,BlackShriek,Mid,u,C,"4,671"
Singer22_BlackShriek_Mid_u_2.wav,22,Technique,BlackShriek,Mid,u,C,"5,01266666666667"
Singer22_ClearVoice_High_a.wav,22,Technique,ClearVoice,High,a,A,"5,03683333333333"
Singer22_ClearVoice_High_i.wav,22,Technique,ClearVoice,High,i,A,"5,03245833333333"
Singer22_ClearVoice_High_lyrics.wav,22,Technique,ClearVoice,High,lyrics,A,"14,353"
Singer22_ClearVoice_High_u.wav,22,Technique,ClearVoice,High,u,A,"4,89641666666667"
Singer22_ClearVoice_Low_a.wav,22,Technique,ClearVoice,Low,a,A,"5,01233333333333"
Singer22_ClearVoice_Low_i.wav,22,Technique,ClearVoice,Low,i,A,"5,12433333333333"
Singer22_ClearVoice_Low_lyrics.wav,22,Technique,ClearVoice,Low,lyrics,A,"14,596"
Singer22_ClearVoice_Low_u.wav,22,Technique,ClearVoice,Low,u,A,"5,178625"
Singer22_ClearVoice_Mid_a.wav,22,Technique,ClearVoice,Mid,a,A,"5,33341666666667"
Singer22_ClearVoice_Mid_i.wav,22,Technique,ClearVoice,Mid,i,A,"5,30775"
Singer22_ClearVoice_Mid_lyrics.wav,22,Technique,ClearVoice,Mid,lyrics,A,"14,0633333333333"
Singer22_ClearVoice_Mid_u.wav,22,Technique,ClearVoice,Mid,u,A,"5,045625"
Singer22_DeathGrowl_Low_a.wav,22,Technique,DeathGrowl,Low,a,A,"4,98054166666667"
Singer22_DeathGrowl_Low_i.wav,22,Technique,DeathGrowl,Low,i,A,"4,9175"
Singer22_DeathGrowl_Low_lyrics.wav,22,Technique,DeathGrowl,Low,lyrics,A,"14,287"
Singer22_DeathGrowl_Low_u.wav,22,Technique,DeathGrowl,Low,u,A,"5,02283333333333"
Singer22_DeathGrowl_Mid_a.wav,22,Technique,DeathGrowl,Mid,a,A,"4,78516666666667"
Singer22_DeathGrowl_Mid_i.wav,22,Technique,DeathGrowl,Mid,i,A,"4,88758333333333"
Singer22_DeathGrowl_Mid_lyrics.wav,22,Technique,DeathGrowl,Mid,lyrics,A,"14,356"
Singer22_DeathGrowl_Mid_u.wav,22,Technique,DeathGrowl,Mid,u,A,"4,915"
Singer22_HardcoreScream_High_a.wav,22,Technique,HardcoreScream,High,a,A,"4,90966666666667"
Singer22_HardcoreScream_High_i.wav,22,Technique,HardcoreScream,High,i,A,"4,92116666666667"
Singer22_HardcoreScream_High_lyrics.wav,22,Technique,HardcoreScream,High,lyrics,A,"14,3495"
Singer22_HardcoreScream_High_u.wav,22,Technique,HardcoreScream,High,u,A,"4,786"
Singer22_HardcoreScream_Low_a.wav,22,Technique,HardcoreScream,Low,a,A,"5,00635416666667"
Singer22_HardcoreScream_Low_i.wav,22,Technique,HardcoreScream,Low,i,A,"4,75320833333333"
Singer22_HardcoreScream_Low_lyrics.wav,22,Technique,HardcoreScream,Low,lyrics,A,"14,273"
Singer22_HardcoreScream_Low_u.wav,22,Technique,HardcoreScream,Low,u,A,"4,93695833333333"
Singer22_HardcoreScream_Mid_a.wav,22,Technique,HardcoreScream,Mid,a,A,"4,80958333333333"
Singer22_HardcoreScream_Mid_i.wav,22,Technique,HardcoreScream,Mid,i,A,"4,96516666666667"
Singer22_HardcoreScream_Mid_lyrics.wav,22,Technique,HardcoreScream,Mid,lyrics,A,"14,4656666666667"
Singer22_HardcoreScream_Mid_u.wav,22,Technique,HardcoreScream,Mid,u,A,"5,03658333333333"
Singer23_Effect_DeepGutturals.wav,23,Effect,DeepGutturals,-,-,A,"5,4165"
Singer23_BlackShriek_High_a.wav,23,Technique,BlackShriek,High,a,A,"4,86783333333333"
Singer23_BlackShriek_High_i.wav,23,Technique,BlackShriek,High,i,A,"5,07933333333333"
Singer23_BlackShriek_High_lyrics.wav,23,Technique,BlackShriek,High,lyrics,A,"14,754125"
Singer23_BlackShriek_High_u.wav,23,Technique,BlackShriek,High,u,A,"5,21454166666667"
Singer23_BlackShriek_Mid_a.wav,23,Technique,BlackShriek,Mid,a,A,"5,10433333333333"
Singer23_BlackShriek_Mid_i.wav,23,Technique,BlackShriek,Mid,i,A,"5,29283333333333"
Singer23_BlackShriek_Mid_lyrics.wav,23,Technique,BlackShriek,Mid,lyrics,A,"14,6066666666667"
Singer23_BlackShriek_Mid_u.wav,23,Technique,BlackShriek,Mid,u,A,"5,25933333333333"
Singer23_ClearVoice_High_a.wav,23,Technique,ClearVoice,High,a,A,"4,93704166666667"
Singer23_ClearVoice_High_i.wav,23,Technique,ClearVoice,High,i,A,"4,9665"
Singer23_ClearVoice_High_lyrics.wav,23,Technique,ClearVoice,High,lyrics,A,"14,4705"
Singer23_ClearVoice_High_u.wav,23,Technique,ClearVoice,High,u,A,"5,123625"
Singer23_ClearVoice_Low_a.wav,23,Technique,ClearVoice,Low,a,A,"4,96108333333333"
Singer23_ClearVoice_Low_i.wav,23,Technique,ClearVoice,Low,i,A,"4,9098125"
Singer23_ClearVoice_Low_lyrics.wav,23,Technique,ClearVoice,Low,lyrics,A,"14,5856666666667"
Singer23_ClearVoice_Low_u.wav,23,Technique,ClearVoice,Low,u,A,"5,14425"
Singer23_ClearVoice_Mid_a.wav,23,Technique,ClearVoice,Mid,a,A,"4,91629166666667"
Singer23_ClearVoice_Mid_i.wav,23,Technique,ClearVoice,Mid,i,A,"5,0460625"
Singer23_ClearVoice_Mid_lyrics.wav,23,Technique,ClearVoice,Mid,lyrics,A,"14,4656666666667"
Singer23_ClearVoice_Mid_u.wav,23,Technique,ClearVoice,Mid,u,A,"5,17416666666667"
Singer23_DeathGrowl_Low_a.wav,23,Technique,DeathGrowl,Low,a,A,"4,94489583333333"
Singer23_DeathGrowl_Low_i.wav,23,Technique,DeathGrowl,Low,i,A,"4,90658333333333"
Singer23_DeathGrowl_Low_lyrics.wav,23,Technique,DeathGrowl,Low,lyrics,A,"14,6388333333333"
Singer23_DeathGrowl_Low_u.wav,23,Technique,DeathGrowl,Low,u,A,"5,001"
Singer23_DeathGrowl_Mid_a.wav,23,Technique,DeathGrowl,Mid,a,A,"5,00195833333333"
Singer23_DeathGrowl_Mid_i.wav,23,Technique,DeathGrowl,Mid,i,B,"4,87683333333333"
Singer23_DeathGrowl_Mid_lyrics.wav,23,Technique,DeathGrowl,Mid,lyrics,B,"14,6911666666667"
Singer23_DeathGrowl_Mid_u.wav,23,Technique,DeathGrowl,Mid,u,A,"5,00779166666667"
Singer23_HardcoreScream_High_a.wav,23,Technique,HardcoreScream,High,a,C,"4,92333333333333"
Singer23_HardcoreScream_High_i.wav,23,Technique,HardcoreScream,High,i,C,"4,92916666666667"
Singer23_HardcoreScream_High_lyrics.wav,23,Technique,HardcoreScream,High,lyrics,C,"14,4293333333333"
Singer23_HardcoreScream_High_u.wav,23,Technique,HardcoreScream,High,u,C,"5,037"
Singer23_HardcoreScream_Low_a.wav,23,Technique,HardcoreScream,Low,a,C,"4,95216666666667"
Singer23_HardcoreScream_Low_i.wav,23,Technique,HardcoreScream,Low,i,C,"4,968"
Singer23_HardcoreScream_Low_lyrics.wav,23,Technique,HardcoreScream,Low,lyrics,C,"14,72275"
Singer23_HardcoreScream_Low_u.wav,23,Technique,HardcoreScream,Low,u,C,"4,92375"
Singer23_HardcoreScream_Mid_a.wav,23,Technique,HardcoreScream,Mid,a,C,"4,89008333333333"
Singer23_HardcoreScream_Mid_i.wav,23,Technique,HardcoreScream,Mid,i,C,"5,04183333333333"
Singer23_HardcoreScream_Mid_lyrics.wav,23,Technique,HardcoreScream,Mid,lyrics,C,"14,685375"
Singer23_HardcoreScream_Mid_u.wav,23,Technique,HardcoreScream,Mid,u,C,"4,96533333333333"
Singer24_Other_ClearHeadVoice_High_a.wav,24,Other,-,-,-,-,"5,01433333333333"
Singer24_Other_ClearHeadVoice_High_i.wav,24,Other,-,-,-,-,"5,13966666666667"
Singer24_Other_ClearHeadVoice_High_lyrics.wav,24,Other,-,-,-,-,"14,282"
Singer24_Other_ClearHeadVoice_High_u.wav,24,Other,-,-,-,-,"5,04866666666667"
Singer24_Other_ClearHeadVoice_Mid_a.wav,24,Other,-,-,-,-,"4,99625"
Singer24_Other_ClearHeadVoice_Mid_i.wav,24,Other,-,-,-,-,"5,11633333333333"
Singer24_Other_ClearHeadVoice_Mid_lyrics.wav,24,Other,-,-,-,-,"14,2153333333333"
Singer24_Other_ClearHeadVoice_Mid_u.wav,24,Other,-,-,-,-,"5,14058333333333"
Singer24_ClearVoice_High_a.wav,24,Technique,ClearVoice,High,a,A,"4,99591666666667"
Singer24_ClearVoice_High_i.wav,24,Technique,ClearVoice,High,i,A,"4,89116666666667"
Singer24_ClearVoice_High_lyrics.wav,24,Technique,ClearVoice,High,lyrics,A,"14,266"
Singer24_ClearVoice_High_u.wav,24,Technique,ClearVoice,High,u,A,"4,98625"
Singer24_ClearVoice_Low_a.wav,24,Technique,ClearVoice,Low,a,A,"4,988"
Singer24_ClearVoice_Low_i.wav,24,Technique,ClearVoice,Low,i,A,"5,19033333333333"
Singer24_ClearVoice_Low_lyrics.wav,24,Technique,ClearVoice,Low,lyrics,A,"14,547"
Singer24_ClearVoice_Low_u.wav,24,Technique,ClearVoice,Low,u,A,"5,15"
Singer24_ClearVoice_Mid_a.wav,24,Technique,ClearVoice,Mid,a,A,"4,9685"
Singer24_ClearVoice_Mid_i.wav,24,Technique,ClearVoice,Mid,i,A,"5,07383333333333"
Singer24_ClearVoice_Mid_lyrics.wav,24,Technique,ClearVoice,Mid,lyrics,A,"14,2980833333333"
Singer24_ClearVoice_Mid_u.wav,24,Technique,ClearVoice,Mid,u,A,"5,17566666666667"
Singer24_HardcoreScream_Mid_a.wav,24,Technique,HardcoreScream,Mid,a,A,"3,05066666666667"
Singer24_HardcoreScream_Mid_i.wav,24,Technique,HardcoreScream,Mid,i,A,"2,994"
Singer24_HardcoreScream_Mid_lyrics.wav,24,Technique,HardcoreScream,Mid,lyrics,B,"14,6553333333333"
Singer24_HardcoreScream_Mid_u.wav,24,Technique,HardcoreScream,Mid,u,A,"2,99566666666667"
Singer25_Effect_DeepGutturals_1.wav,25,Effect,DeepGutturals,-,-,B,"3,47575"
Singer25_Effect_DeepGutturals_2.wav,25,Effect,DeepGutturals,-,-,B,"2,65141666666667"
Singer25_Effect_PigSqueal_1.wav,25,Effect,PigSqueal,-,-,B,"3,407375"
Singer25_Effect_PigSqueal_2.wav,25,Effect,PigSqueal,-,-,B,"3,09883333333333"
Singer25_Effect_TunnelThroat_1.wav,25,Effect,TunnelThroat,-,-,B,"2,27566666666667"
Singer25_Effect_TunnelThroat_2.wav,25,Effect,TunnelThroat,-,-,B,"3,0025"
Singer25_BlackShriek_High_a.wav,25,Technique,BlackShriek,High,a,A,"4,69966666666667"
Singer25_BlackShriek_High_i.wav,25,Technique,BlackShriek,High,i,A,"4,05672916666667"
Singer25_BlackShriek_High_lyrics.wav,25,Technique,BlackShriek,High,lyrics,A,"15,7181666666667"
Singer25_BlackShriek_High_u.wav,25,Technique,BlackShriek,High,u,A,"4,3456875"
Singer25_BlackShriek_Mid_a.wav,25,Technique,BlackShriek,Mid,a,A,"4,5875"
Singer25_BlackShriek_Mid_i.wav,25,Technique,BlackShriek,Mid,i,A,"4,54470833333333"
Singer25_BlackShriek_Mid_lyrics.wav,25,Technique,BlackShriek,Mid,lyrics,A,"15,6180833333333"
Singer25_BlackShriek_Mid_u.wav,25,Technique,BlackShriek,Mid,u,A,"4,49533333333333"
Singer25_ClearVoice_High_a.wav,25,Technique,ClearVoice,High,a,A,"4,808"
Singer25_ClearVoice_High_i.wav,25,Technique,ClearVoice,High,i,A,"4,87"
Singer25_ClearVoice_High_lyrics.wav,25,Technique,ClearVoice,High,lyrics,A,"15,6953333333333"
Singer25_ClearVoice_High_u.wav,25,Technique,ClearVoice,High,u,A,"5,13466666666667"
Singer25_ClearVoice_Low_a.wav,25,Technique,ClearVoice,Low,a,A,"5,11241666666667"
Singer25_ClearVoice_Low_i.wav,25,Technique,ClearVoice,Low,i,A,"4,85125"
Singer25_ClearVoice_Low_lyrics.wav,25,Technique,ClearVoice,Low,lyrics,A,"15,4313333333333"
Singer25_ClearVoice_Low_u.wav,25,Technique,ClearVoice,Low,u,A,"5,07166666666667"
Singer25_ClearVoice_Mid_a.wav,25,Technique,ClearVoice,Mid,a,A,"4,86029166666667"
Singer25_ClearVoice_Mid_i.wav,25,Technique,ClearVoice,Mid,i,A,"4,9815"
Singer25_ClearVoice_Mid_lyrics.wav,25,Technique,ClearVoice,Mid,lyrics,A,"15,512"
Singer25_ClearVoice_Mid_u.wav,25,Technique,ClearVoice,Mid,u,A,"4,94"
Singer25_DeathGrowl_Low_a.wav,25,Technique,DeathGrowl,Low,a,A,"3,322625"
Singer25_DeathGrowl_Low_i.wav,25,Technique,DeathGrowl,Low,i,A,"3,48833333333333"
Singer25_DeathGrowl_Low_lyrics.wav,25,Technique,DeathGrowl,Low,lyrics,A,"15,6856666666667"
Singer25_DeathGrowl_Low_u.wav,25,Technique,DeathGrowl,Low,u,A,"3,47975"
Singer25_DeathGrowl_Mid_a.wav,25,Technique,DeathGrowl,Mid,a,A,"3,45270833333333"
Singer25_DeathGrowl_Mid_i.wav,25,Technique,DeathGrowl,Mid,i,A,"3,30675"
Singer25_DeathGrowl_Mid_lyrics.wav,25,Technique,DeathGrowl,Mid,lyrics,A,"15,605"
Singer25_DeathGrowl_Mid_u.wav,25,Technique,DeathGrowl,Mid,u,A,"3,48060416666667"
Singer25_HardcoreScream_High_a.wav,25,Technique,HardcoreScream,High,a,A,"4,9875"
Singer25_HardcoreScream_High_i.wav,25,Technique,HardcoreScream,High,i,A,"4,88108333333333"
Singer25_HardcoreScream_High_lyrics.wav,25,Technique,HardcoreScream,High,lyrics,A,"15,4934166666667"
Singer25_HardcoreScream_High_u.wav,25,Technique,HardcoreScream,High,u,A,"5,08616666666667"
Singer25_HardcoreScream_Mid_a.wav,25,Technique,HardcoreScream,Mid,a,A,"4,53433333333333"
Singer25_HardcoreScream_Mid_i.wav,25,Technique,HardcoreScream,Mid,i,A,"4,55475"
Singer25_HardcoreScream_Mid_lyrics.wav,25,Technique,HardcoreScream,Mid,lyrics,A,"15,5778333333333"
Singer25_HardcoreScream_Mid_u.wav,25,Technique,HardcoreScream,Mid,u,A,"4,48810416666667"
Singer26_Effect_DeepGutturals.wav,26,Effect,Effect,-,-,C,"7,26325"
Singer26_Effect_TunnelThroat.wav,26,Effect,Effect,-,-,C,"7,32783333333333"
Singer26_BlackShriek_High_a.wav,26,Technique,BlackShriek,High,a,C,"5,201"
Singer26_BlackShriek_High_i.wav,26,Technique,BlackShriek,High,i,B,"5,09345833333333"
Singer26_BlackShriek_High_lyrics.wav,26,Technique,BlackShriek,High,lyrics,C,"14,3371666666667"
Singer26_BlackShriek_High_u.wav,26,Technique,BlackShriek,High,u,B,"5,10958333333333"
Singer26_BlackShriek_Mid_a.wav,26,Technique,BlackShriek,Mid,a,B,"5,07958333333333"
Singer26_BlackShriek_Mid_i.wav,26,Technique,BlackShriek,Mid,i,B,"5,1215"
Singer26_BlackShriek_Mid_lyrics.wav,26,Technique,BlackShriek,Mid,lyrics,B,"13,8053333333333"
Singer26_BlackShriek_Mid_u.wav,26,Technique,BlackShriek,Mid,u,B,"5,15316666666667"
Singer26_ClearVoice_High_a.wav,26,Technique,ClearVoice,High,a,A,"5,29479166666667"
Singer26_ClearVoice_High_i.wav,26,Technique,ClearVoice,High,i,A,"5,29879166666667"
Singer26_ClearVoice_High_lyrics.wav,26,Technique,ClearVoice,High,lyrics,A,"13,1189583333333"
Singer26_ClearVoice_High_u.wav,26,Technique,ClearVoice,High,u,A,"5,18466666666667"
Singer26_ClearVoice_Low_a.wav,26,Technique,ClearVoice,Low,a,A,"5,31010416666667"
Singer26_ClearVoice_Low_i.wav,26,Technique,ClearVoice,Low,i,A,"5,21283333333333"
Singer26_ClearVoice_Low_lyrics.wav,26,Technique,ClearVoice,Low,lyrics,A,"13,3355"
Singer26_ClearVoice_Low_u.wav,26,Technique,ClearVoice,Low,u,A,"5,09416666666667"
Singer26_ClearVoice_Mid_a.wav,26,Technique,ClearVoice,Mid,a,A,"5,10008333333333"
Singer26_ClearVoice_Mid_i.wav,26,Technique,ClearVoice,Mid,i,A,"5,19852083333333"
Singer26_ClearVoice_Mid_lyrics.wav,26,Technique,ClearVoice,Mid,lyrics,A,"13,2532916666667"
Singer26_ClearVoice_Mid_u.wav,26,Technique,ClearVoice,Mid,u,A,"5,30233333333333"
Singer26_DeathGrowl_Low_a.wav,26,Technique,DeathGrowl,Low,a,A,"5,12016666666667"
Singer26_DeathGrowl_Low_i.wav,26,Technique,DeathGrowl,Low,i,A,"5,24804166666667"
Singer26_DeathGrowl_Low_lyrics.wav,26,Technique,DeathGrowl,Low,lyrics,A,"14,4055"
Singer26_DeathGrowl_Low_u.wav,26,Technique,DeathGrowl,Low,u,A,"5,23241666666667"
Singer26_DeathGrowl_Mid_a.wav,26,Technique,DeathGrowl,Mid,a,A,"5,143375"
Singer26_DeathGrowl_Mid_i.wav,26,Technique,DeathGrowl,Mid,i,A,"5,20183333333333"
Singer26_DeathGrowl_Mid_lyrics.wav,26,Technique,DeathGrowl,Mid,lyrics,A,"13,9455"
Singer26_DeathGrowl_Mid_u.wav,26,Technique,DeathGrowl,Mid,u,A,"5,166875"
Singer26_GrindInhale_a.wav,26,Technique,GrindInhale,-,a,B,"5,0350625"
Singer26_GrindInhale_i.wav,26,Technique,GrindInhale,-,i,A,"5,176"
Singer26_GrindInhale_lyrics.wav,26,Technique,GrindInhale,-,lyrics,A,"14,2186666666667"
Singer26_GrindInhale_u.wav,26,Technique,GrindInhale,-,u,B,"4,96945833333333"
Singer27_ClearVoice_High_a.wav,27,Technique,ClearVoice,High,a,A,"4,79575"
Singer27_ClearVoice_High_i.wav,27,Technique,ClearVoice,High,i,A,"5,03041666666667"
Singer27_ClearVoice_High_lyrics.wav,27,Technique,ClearVoice,High,lyrics,A,"15,441"
Singer27_ClearVoice_High_u.wav,27,Technique,ClearVoice,High,u,A,"5,197"
Singer27_ClearVoice_Low_a.wav,27,Technique,ClearVoice,Low,a,A,"5,2350625"
Singer27_ClearVoice_Low_i.wav,27,Technique,ClearVoice,Low,i,A,"4,98502083333333"
Singer27_ClearVoice_Low_lyrics.wav,27,Technique,ClearVoice,Low,lyrics,A,"15,0205833333333"
Singer27_ClearVoice_Low_u.wav,27,Technique,ClearVoice,Low,u,A,"5,05733333333333"
Singer27_ClearVoice_Mid_a.wav,27,Technique,ClearVoice,Mid,a,A,"5,10608333333333"
Singer27_ClearVoice_Mid_i.wav,27,Technique,ClearVoice,Mid,i,A,"5,10483333333333"
Singer27_ClearVoice_Mid_lyrics.wav,27,Technique,ClearVoice,Mid,lyrics,A,"14,8858958333333"
Singer27_ClearVoice_Mid_u.wav,27,Technique,ClearVoice,Mid,u,A,"4,7981875"
Singer27_HardcoreScream_Low_a.wav,27,Technique,HardcoreScream,Low,a,A,"5,069625"
Singer27_HardcoreScream_Low_i.wav,27,Technique,HardcoreScream,Low,i,A,"5,20164583333333"
Singer27_HardcoreScream_Low_lyrics.wav,27,Technique,HardcoreScream,Low,lyrics,A,"15,3447291666667"
Singer27_HardcoreScream_Low_u.wav,27,Technique,HardcoreScream,Low,u,A,"5,1603125"
Singer27_HardcoreScream_Mid_a_2.wav,27,Technique,HardcoreScream,Mid,a,A,"5,63933333333333"
Singer27_HardcoreScream_Mid_a.wav,27,Technique,HardcoreScream,Mid,a,A,"5,26033333333333"
Singer27_HardcoreScream_Mid_i_2.wav,27,Technique,HardcoreScream,Mid,i,A,"4,79333333333333"
Singer27_HardcoreScream_Mid_i.wav,27,Technique,HardcoreScream,Mid,i,A,"4,82427083333333"
Singer27_HardcoreScream_Mid_lyrics_2.wav,27,Technique,HardcoreScream,Mid,lyrics,A,"15,2100833333333"
Singer27_HardcoreScream_Mid_u_2.wav,27,Technique,HardcoreScream,Mid,u,A,"5,47825"
Singer27_HardcoreScream_Mid_u.wav,27,Technique,HardcoreScream,Mid,u,A,"5,03841666666667"
