file_name,split_k_0,split_k_1,split_k_2,split_k_3
Singer1_Effect_TunnelThroat_1.wav,None,None,None,None
Singer1_Effect_TunnelThroat_2.wav,None,None,None,None
Singer1_Effect_TunnelThroat_3.wav,None,None,None,None
Singer1_Effect_TunnelThroat_4.wav,None,None,None,None
Singer1_Effect_TunnelThroat_5.wav,None,None,None,None
Singer1_Other_DeathToBlack.wav,None,None,None,None
Singer1_Other_GruiNonCup.wav,None,None,None,None
Singer1_BlackShriek_Mid_a.wav,train,eval,train,train
Singer1_BlackShriek_Mid_i.wav,train,train,train,eval
Singer1_BlackShriek_Mid_lyrics.wav,train,eval,train,train
Singer1_BlackShriek_Mid_u.wav,valid,valid,eval,train
Singer1_ClearVoice_High_a.wav,eval,train,valid,valid
Singer1_ClearVoice_High_i.wav,eval,valid,train,train
Singer1_ClearVoice_High_lyrics.wav,train,train,train,eval
Singer1_ClearVoice_High_u.wav,train,eval,valid,train
Singer1_ClearVoice_Low_a.wav,eval,train,train,train
Singer1_ClearVoice_Low_i.wav,valid,valid,eval,train
Singer1_ClearVoice_Low_lyrics.wav,valid,valid,eval,train
Singer1_ClearVoice_Low_u.wav,eval,train,valid,valid
Singer1_ClearVoice_Mid_a.wav,valid,valid,valid,eval
Singer1_ClearVoice_Mid_i.wav,eval,valid,valid,train
Singer1_ClearVoice_Mid_lyrics.wav,valid,train,valid,eval
Singer1_ClearVoice_Mid_u.wav,eval,valid,train,valid
Singer1_DeathGrowl_Low_a.wav,valid,eval,valid,valid
Singer1_DeathGrowl_Low_i.wav,train,eval,train,valid
Singer1_DeathGrowl_Low_lyrics.wav,train,eval,train,valid
Singer1_DeathGrowl_Low_u.wav,valid,train,eval,train
Singer1_DeathGrowl_Mid_a.wav,train,train,eval,train
Singer1_DeathGrowl_Mid_i.wav,train,eval,train,train
Singer1_DeathGrowl_Mid_lyrics.wav,valid,valid,eval,train
Singer1_DeathGrowl_Mid_u.wav,eval,train,valid,valid
Singer1_HardcoreScream_Mid_a.wav,None,None,None,None
Singer1_HardcoreScream_Mid_i.wav,None,None,None,None
Singer1_HardcoreScream_Mid_lyrics.wav,None,None,None,None
Singer1_HardcoreScream_Mid_u.wav,None,None,None,None
Singer2_Effect_TunnelThroat.wav,None,None,None,None
Singer2_Other_ScreamToGrowlToShriek.wav,None,None,None,None
Singer2_BlackShriek_High_a.wav,None,None,None,None
Singer2_BlackShriek_High_i.wav,None,None,None,None
Singer2_BlackShriek_High_lyrics.wav,None,None,None,None
Singer2_BlackShriek_High_u.wav,None,None,None,None
Singer2_BlackShriek_Mid_a.wav,None,None,None,None
Singer2_BlackShriek_Mid_i.wav,None,None,None,None
Singer2_BlackShriek_Mid_lyrics.wav,None,None,None,None
Singer2_BlackShriek_Mid_u.wav,None,None,None,None
Singer2_ClearVoice_High_a.wav,valid,train,eval,train
Singer2_ClearVoice_High_i.wav,train,train,eval,train
Singer2_ClearVoice_High_lyrics.wav,train,train,train,eval
Singer2_ClearVoice_High_u.wav,eval,train,train,train
Singer2_ClearVoice_Low_a.wav,train,train,train,eval
Singer2_ClearVoice_Low_a_2.wav,train,valid,train,eval
Singer2_ClearVoice_Low_i.wav,train,valid,train,eval
Singer2_ClearVoice_Low_i_2.wav,train,train,eval,train
Singer2_ClearVoice_Low_lyrics.wav,eval,train,valid,train
Singer2_ClearVoice_Low_lyrics_2.wav,train,eval,train,valid
Singer2_ClearVoice_Low_u.wav,train,train,train,eval
Singer2_ClearVoice_Low_u_2.wav,eval,train,train,train
Singer2_ClearVoice_Mid_a.wav,eval,train,valid,valid
Singer2_ClearVoice_Mid_i.wav,train,train,train,eval
Singer2_ClearVoice_Mid_lyrics.wav,train,train,eval,train
Singer2_ClearVoice_Mid_u.wav,train,train,train,eval
Singer2_DeathGrowl_Low_a.wav,eval,train,train,train
Singer2_DeathGrowl_Low_i.wav,train,eval,train,train
Singer2_DeathGrowl_Low_lyrics.wav,valid,valid,eval,train
Singer2_DeathGrowl_Low_u.wav,train,train,train,eval
Singer2_DeathGrowl_Mid_a.wav,eval,train,valid,valid
Singer2_DeathGrowl_Mid_i.wav,train,eval,train,train
Singer2_DeathGrowl_Mid_lyrics.wav,train,train,train,eval
Singer2_DeathGrowl_Mid_u.wav,eval,valid,train,train
Singer2_GrindInhale_a.wav,None,None,None,None
Singer2_GrindInhale_i.wav,None,None,None,None
Singer2_GrindInhale_u.wav,None,None,None,None
Singer2_HardcoreScream_High_a.wav,None,None,None,None
Singer2_HardcoreScream_High_i.wav,None,None,None,None
Singer2_HardcoreScream_High_lyrics.wav,None,None,None,None
Singer2_HardcoreScream_High_u.wav,None,None,None,None
Singer2_HardcoreScream_Mid_a.wav,None,None,None,None
Singer2_HardcoreScream_Mid_i.wav,None,None,None,None
Singer2_HardcoreScream_Mid_lyrics.wav,None,None,None,None
Singer2_HardcoreScream_Mid_u.wav,None,None,None,None
Singer3_Effect_PigSqueal.wav,None,None,None,None
Singer3_Effect_TunnelThroat.wav,None,None,None,None
Singer3_Other_BeltedHigh_Mids.wav,None,None,None,None
Singer3_Other_GrindInhale_cup.wav,None,None,None,None
Singer3_Other_QuickSwitch.wav,None,None,None,None
Singer3_BlackShriek_High_a.wav,eval,train,valid,train
Singer3_BlackShriek_High_i.wav,eval,train,train,train
Singer3_BlackShriek_High_lyrics.wav,train,eval,train,valid
Singer3_BlackShriek_High_u.wav,valid,eval,train,train
Singer3_BlackShriek_Mid_a.wav,valid,valid,valid,eval
Singer3_BlackShriek_Mid_i.wav,valid,train,eval,valid
Singer3_BlackShriek_Mid_lyrics.wav,train,valid,eval,valid
Singer3_BlackShriek_Mid_u.wav,None,None,None,None
Singer3_ClearVoice_High_a.wav,train,valid,valid,eval
Singer3_ClearVoice_High_i.wav,valid,eval,valid,train
Singer3_ClearVoice_High_lyrics.wav,train,valid,valid,eval
Singer3_ClearVoice_High_u.wav,train,train,eval,valid
Singer3_ClearVoice_Low_a.wav,eval,valid,train,valid
Singer3_ClearVoice_Low_i.wav,train,train,eval,train
Singer3_ClearVoice_Low_lyrics.wav,train,eval,train,train
Singer3_ClearVoice_Low_u.wav,train,valid,valid,eval
Singer3_ClearVoice_Mid_a.wav,eval,train,train,train
Singer3_ClearVoice_Mid_i.wav,eval,train,train,valid
Singer3_ClearVoice_Mid_lyrics.wav,train,train,eval,valid
Singer3_ClearVoice_Mid_u.wav,valid,train,eval,train
Singer3_DeathGrowl_Low_a.wav,eval,train,valid,train
Singer3_DeathGrowl_Low_i.wav,eval,train,train,train
Singer3_DeathGrowl_Low_lyrics.wav,train,train,eval,train
Singer3_DeathGrowl_Low_u.wav,train,eval,train,train
Singer3_DeathGrowl_Mid_a.wav,eval,train,train,train
Singer3_DeathGrowl_Mid_i.wav,valid,eval,train,train
Singer3_DeathGrowl_Mid_lyrics.wav,train,train,train,eval
Singer3_DeathGrowl_Mid_u.wav,train,valid,valid,eval
Singer3_GrindInhale_a.wav,None,None,None,None
Singer3_GrindInhale_i.wav,None,None,None,None
Singer3_GrindInhale_lyrics.wav,None,None,None,None
Singer3_GrindInhale_u.wav,None,None,None,None
Singer3_HardcoreScream_High_a.wav,None,None,None,None
Singer3_HardcoreScream_High_i.wav,None,None,None,None
Singer3_HardcoreScream_High_lyrics.wav,None,None,None,None
Singer3_HardcoreScream_High_u.wav,None,None,None,None
Singer3_HardcoreScream_Low_lyrics.wav,None,None,None,None
Singer4_Effect_TunnelThroat.wav,None,None,None,None
Singer4_Other_QuickSwitch_1.wav,None,None,None,None
Singer4_Other_QuickSwitch_2.wav,None,None,None,None
Singer4_BlackShriek_High_a.wav,None,None,None,None
Singer4_BlackShriek_High_i.wav,None,None,None,None
Singer4_BlackShriek_High_lyrics.wav,None,None,None,None
Singer4_BlackShriek_High_u.wav,None,None,None,None
Singer4_BlackShriek_Mid_a.wav,valid,valid,valid,eval
Singer4_BlackShriek_Mid_i.wav,train,train,train,eval
Singer4_BlackShriek_Mid_lyrics.wav,train,eval,valid,valid
Singer4_BlackShriek_Mid_u.wav,valid,train,eval,valid
Singer4_ClearVoice_High_a.wav,eval,valid,train,train
Singer4_ClearVoice_High_i.wav,valid,eval,train,train
Singer4_ClearVoice_High_lyrics.wav,eval,train,train,valid
Singer4_ClearVoice_High_u.wav,valid,eval,train,valid
Singer4_ClearVoice_Low_a.wav,train,valid,train,eval
Singer4_ClearVoice_Low_i.wav,train,train,eval,train
Singer4_ClearVoice_Low_lyrics.wav,train,train,eval,train
Singer4_ClearVoice_Low_u.wav,valid,eval,train,valid
Singer4_ClearVoice_Mid_a.wav,train,eval,train,train
Singer4_ClearVoice_Mid_i.wav,train,eval,train,train
Singer4_ClearVoice_Mid_lyrics.wav,train,train,train,eval
Singer4_ClearVoice_Mid_u.wav,train,train,train,eval
Singer4_DeathGrowl_Low_a.wav,train,eval,train,train
Singer4_DeathGrowl_Low_i.wav,eval,train,train,train
Singer4_DeathGrowl_Low_lyrics.wav,train,eval,valid,train
Singer4_DeathGrowl_Low_u.wav,train,eval,valid,train
Singer4_DeathGrowl_Mid_a.wav,train,valid,train,eval
Singer4_DeathGrowl_Mid_i.wav,valid,eval,valid,train
Singer4_DeathGrowl_Mid_lyrics.wav,eval,valid,train,train
Singer4_DeathGrowl_Mid_u.wav,eval,train,valid,train
Singer4_GrindInhale_a.wav,None,None,None,None
Singer4_GrindInhale_i.wav,None,None,None,None
Singer4_GrindInhale_lyrics.wav,None,None,None,None
Singer4_GrindInhale_u.wav,None,None,None,None
Singer4_HardcoreScream_High_a.wav,train,eval,valid,valid
Singer4_HardcoreScream_High_a_2.wav,eval,train,train,valid
Singer4_HardcoreScream_High_i.wav,valid,train,train,eval
Singer4_HardcoreScream_High_i_2.wav,valid,train,eval,train
Singer4_HardcoreScream_High_lyrics.wav,valid,valid,train,eval
Singer4_HardcoreScream_High_lyrics_2.wav,eval,valid,train,valid
Singer4_HardcoreScream_High_u.wav,train,train,eval,train
Singer4_HardcoreScream_High_u_2.wav,train,train,eval,train
Singer4_HardcoreScream_Low_a.wav,eval,train,valid,train
Singer4_HardcoreScream_Low_i.wav,valid,train,train,eval
Singer4_HardcoreScream_Low_lyrics.wav,valid,train,train,eval
Singer4_HardcoreScream_Low_u.wav,train,valid,eval,train
Singer4_HardcoreScream_Mid_a.wav,train,train,train,eval
Singer4_HardcoreScream_Mid_i.wav,train,eval,train,valid
Singer4_HardcoreScream_Mid_lyrics.wav,train,eval,train,train
Singer4_HardcoreScream_Mid_u.wav,train,train,train,eval
Singer5_BlackShriek_High_a.wav,train,train,valid,eval
Singer5_BlackShriek_High_i.wav,train,train,train,eval
Singer5_BlackShriek_High_lyrics.wav,train,train,eval,train
Singer5_BlackShriek_High_u.wav,None,None,None,None
Singer5_BlackShriek_Mid_a.wav,None,None,None,None
Singer5_BlackShriek_Mid_i.wav,None,None,None,None
Singer5_BlackShriek_Mid_lyrics.wav,None,None,None,None
Singer5_BlackShriek_Mid_u.wav,None,None,None,None
Singer5_ClearVoice_High_a.wav,valid,eval,train,train
Singer5_ClearVoice_High_i.wav,train,valid,eval,train
Singer5_ClearVoice_High_lyrics.wav,valid,eval,train,train
Singer5_ClearVoice_High_u.wav,eval,train,train,train
Singer5_ClearVoice_Low_a.wav,train,valid,eval,valid
Singer5_ClearVoice_Low_i.wav,train,eval,train,valid
Singer5_ClearVoice_Low_lyrics.wav,train,train,valid,eval
Singer5_ClearVoice_Low_u.wav,valid,train,valid,eval
Singer5_ClearVoice_Mid_a.wav,valid,valid,train,eval
Singer5_ClearVoice_Mid_i.wav,valid,train,eval,train
Singer5_ClearVoice_Mid_lyrics.wav,eval,train,train,train
Singer5_ClearVoice_Mid_u.wav,train,eval,valid,train
Singer5_DeathGrowl_Low_a.wav,train,train,eval,train
Singer5_DeathGrowl_Low_i.wav,valid,valid,valid,eval
Singer5_DeathGrowl_Low_lyrics.wav,train,train,train,eval
Singer5_DeathGrowl_Low_u.wav,train,eval,train,train
Singer5_DeathGrowl_Mid_a.wav,train,train,train,eval
Singer5_DeathGrowl_Mid_a_2.wav,train,eval,train,valid
Singer5_DeathGrowl_Mid_i.wav,train,train,train,eval
Singer5_DeathGrowl_Mid_i_2.wav,eval,train,train,train
Singer5_DeathGrowl_Mid_lyrics.wav,train,train,valid,eval
Singer5_DeathGrowl_Mid_lyrics_2.wav,valid,valid,eval,train
Singer5_DeathGrowl_Mid_u.wav,train,train,eval,train
Singer5_DeathGrowl_Mid_u_2.wav,train,train,valid,eval
Singer6_BlackShriek_Mid_a.wav,None,None,None,None
Singer6_BlackShriek_Mid_a_2.wav,None,None,None,None
Singer6_BlackShriek_Mid_a_3.wav,None,None,None,None
Singer6_BlackShriek_Mid_i.wav,None,None,None,None
Singer6_BlackShriek_Mid_i_2.wav,None,None,None,None
Singer6_BlackShriek_Mid_i_3.wav,None,None,None,None
Singer6_BlackShriek_Mid_lyrics.wav,None,None,None,None
Singer6_BlackShriek_Mid_u.wav,None,None,None,None
Singer6_BlackShriek_Mid_u_2.wav,None,None,None,None
Singer6_ClearVoice_High_a.wav,train,train,train,eval
Singer6_ClearVoice_High_i.wav,train,train,train,eval
Singer6_ClearVoice_High_lyrics.wav,train,train,eval,train
Singer6_ClearVoice_High_u.wav,train,train,train,eval
Singer6_ClearVoice_Low_a.wav,valid,eval,valid,train
Singer6_ClearVoice_Low_i.wav,valid,valid,train,eval
Singer6_ClearVoice_Low_lyrics.wav,eval,valid,train,valid
Singer6_ClearVoice_Low_u.wav,train,train,valid,eval
Singer6_ClearVoice_Mid_a.wav,train,train,eval,train
Singer6_ClearVoice_Mid_i.wav,train,train,eval,valid
Singer6_ClearVoice_Mid_lyrics.wav,eval,train,train,train
Singer6_ClearVoice_Mid_u.wav,train,valid,train,eval
Singer6_DeathGrowl_Low_a.wav,None,None,None,None
Singer6_DeathGrowl_Low_a_2.wav,None,None,None,None
Singer6_DeathGrowl_Low_i.wav,None,None,None,None
Singer6_DeathGrowl_Low_i_2.wav,None,None,None,None
Singer6_DeathGrowl_Low_u.wav,None,None,None,None
Singer6_DeathGrowl_Low_u_2.wav,None,None,None,None
Singer6_DeathGrowl_Low_u_3.wav,None,None,None,None
Singer6_DeathGrowl_Mid_a.wav,None,None,None,None
Singer6_DeathGrowl_Mid_a_2.wav,None,None,None,None
Singer6_DeathGrowl_Mid_a_3.wav,None,None,None,None
Singer6_DeathGrowl_Mid_i.wav,None,None,None,None
Singer6_DeathGrowl_Mid_i_2.wav,None,None,None,None
Singer6_DeathGrowl_Mid_i_3.wav,None,None,None,None
Singer6_DeathGrowl_Mid_lyrics.wav,None,None,None,None
Singer6_DeathGrowl_Mid_u.wav,None,None,None,None
Singer6_DeathGrowl_Mid_u_2.wav,None,None,None,None
Singer7_Effect_DeepGutturals.wav,None,None,None,None
Singer7_Effect_DeepGutturals_2.wav,None,None,None,None
Singer7_BlackShriek_Mid_a.wav,train,train,train,eval
Singer7_BlackShriek_Mid_i.wav,eval,valid,train,train
Singer7_BlackShriek_Mid_lyrics.wav,train,eval,train,train
Singer7_BlackShriek_Mid_u.wav,None,None,None,None
Singer7_ClearVoice_High_a.wav,train,eval,train,train
Singer7_ClearVoice_High_i.wav,valid,eval,train,train
Singer7_ClearVoice_High_lyrics.wav,train,valid,valid,eval
Singer7_ClearVoice_High_u.wav,eval,valid,train,valid
Singer7_ClearVoice_Low_a.wav,valid,train,eval,train
Singer7_ClearVoice_Low_i.wav,train,train,valid,eval
Singer7_ClearVoice_Low_lyrics.wav,train,eval,train,valid
Singer7_ClearVoice_Low_u.wav,valid,eval,train,train
Singer7_ClearVoice_Mid_a.wav,train,train,eval,train
Singer7_ClearVoice_Mid_i.wav,train,train,valid,eval
Singer7_ClearVoice_Mid_lyrics.wav,valid,train,valid,eval
Singer7_ClearVoice_Mid_u.wav,train,valid,eval,train
Singer7_DeathGrowl_Low_a.wav,train,valid,eval,train
Singer7_DeathGrowl_Low_i.wav,eval,train,train,valid
Singer7_DeathGrowl_Low_lyrics.wav,eval,train,train,valid
Singer7_DeathGrowl_Low_u.wav,eval,train,train,train
Singer7_DeathGrowl_Mid_a.wav,train,train,eval,train
Singer7_DeathGrowl_Mid_i.wav,eval,train,train,train
Singer7_DeathGrowl_Mid_lyrics.wav,train,train,eval,train
Singer7_DeathGrowl_Mid_u.wav,train,eval,train,train
Singer7_HardcoreScream_Low_a.wav,train,eval,train,valid
Singer7_HardcoreScream_Low_i.wav,train,train,eval,valid
Singer7_HardcoreScream_Low_lyrics.wav,eval,valid,valid,train
Singer7_HardcoreScream_Low_u.wav,valid,train,eval,train
Singer7_HardcoreScream_Mid_a.wav,None,None,None,None
Singer7_HardcoreScream_Mid_i.wav,None,None,None,None
Singer7_HardcoreScream_Mid_lyrics.wav,None,None,None,None
Singer7_HardcoreScream_Mid_u.wav,None,None,None,None
Singer8_Effect_DeepGutturals.wav,None,None,None,None
Singer8_Other_AgressiveBlack.wav,None,None,None,None
Singer8_BlackShriek_High_a.wav,valid,valid,valid,eval
Singer8_BlackShriek_High_i.wav,train,eval,train,valid
Singer8_BlackShriek_High_lyrics.wav,valid,eval,valid,train
Singer8_BlackShriek_High_u.wav,train,eval,train,train
Singer8_BlackShriek_Mid_a.wav,valid,train,valid,eval
Singer8_BlackShriek_Mid_i.wav,train,valid,eval,train
Singer8_BlackShriek_Mid_lyrics.wav,train,train,train,eval
Singer8_BlackShriek_Mid_u.wav,eval,valid,train,train
Singer8_ClearVoice_High_a.wav,train,train,eval,valid
Singer8_ClearVoice_High_i.wav,valid,train,train,eval
Singer8_ClearVoice_High_lyrics.wav,train,train,eval,valid
Singer8_ClearVoice_High_u.wav,train,eval,train,valid
Singer8_ClearVoice_Low_a.wav,train,train,eval,train
Singer8_ClearVoice_Low_i.wav,train,train,train,eval
Singer8_ClearVoice_Low_lyrics.wav,eval,train,train,train
Singer8_ClearVoice_Low_u.wav,eval,valid,train,train
Singer8_ClearVoice_Mid_a.wav,train,eval,train,train
Singer8_ClearVoice_Mid_i.wav,valid,valid,valid,eval
Singer8_ClearVoice_Mid_lyrics.wav,eval,valid,valid,train
Singer8_ClearVoice_Mid_u.wav,valid,train,eval,train
Singer8_DeathGrowl_Low_a.wav,train,valid,eval,train
Singer8_DeathGrowl_Low_a_2.wav,eval,train,train,train
Singer8_DeathGrowl_Low_i.wav,train,train,train,eval
Singer8_DeathGrowl_Low_i_2.wav,train,train,train,eval
Singer8_DeathGrowl_Low_lyrics.wav,train,train,train,eval
Singer8_DeathGrowl_Low_lyrics_2.wav,valid,eval,valid,train
Singer8_DeathGrowl_Low_u.wav,train,eval,train,train
Singer8_DeathGrowl_Low_u_2.wav,eval,valid,valid,train
Singer8_DeathGrowl_Mid_a.wav,valid,eval,train,valid
Singer8_DeathGrowl_Mid_i.wav,train,train,eval,train
Singer8_DeathGrowl_Mid_lyrics.wav,train,eval,train,valid
Singer8_DeathGrowl_Mid_u.wav,train,train,eval,train
Singer8_HardcoreScream_High_a.wav,train,train,train,eval
Singer8_HardcoreScream_High_i.wav,eval,train,train,train
Singer8_HardcoreScream_High_lyrics.wav,eval,train,valid,train
Singer8_HardcoreScream_High_u.wav,train,eval,train,valid
Singer8_HardcoreScream_Mid_a.wav,train,train,eval,train
Singer8_HardcoreScream_Mid_i.wav,eval,train,train,valid
Singer8_HardcoreScream_Mid_lyrics.wav,eval,train,train,train
Singer8_HardcoreScream_Mid_u.wav,train,train,train,eval
Singer9_Effect_DeepGutturals.wav,None,None,None,None
Singer9_Effect_PigSqueal.wav,None,None,None,None
Singer9_Effect_PigSqueal_2.wav,None,None,None,None
Singer9_Effect_TunnelThroat.wav,None,None,None,None
Singer9_Other_Dinge.wav,None,None,None,None
Singer9_BlackShriek_High_a.wav,valid,valid,eval,train
Singer9_BlackShriek_High_i.wav,train,train,valid,eval
Singer9_BlackShriek_High_lyrics.wav,eval,train,train,valid
Singer9_BlackShriek_High_u.wav,train,valid,eval,valid
Singer9_BlackShriek_Mid_a.wav,train,eval,train,train
Singer9_BlackShriek_Mid_i.wav,eval,train,train,valid
Singer9_BlackShriek_Mid_lyrics.wav,train,eval,train,train
Singer9_BlackShriek_Mid_u.wav,train,eval,train,train
Singer9_ClearVoice_High_a.wav,eval,train,valid,valid
Singer9_ClearVoice_High_i.wav,train,eval,valid,train
Singer9_ClearVoice_High_lyrics.wav,train,eval,train,valid
Singer9_ClearVoice_High_u.wav,eval,train,train,train
Singer9_ClearVoice_Low_a.wav,valid,train,train,eval
Singer9_ClearVoice_Low_i.wav,eval,train,train,train
Singer9_ClearVoice_Low_lyrics.wav,train,eval,train,train
Singer9_ClearVoice_Low_u.wav,train,eval,train,valid
Singer9_ClearVoice_Mid_a.wav,eval,train,train,train
Singer9_ClearVoice_Mid_i.wav,train,eval,train,train
Singer9_ClearVoice_Mid_lyrics.wav,eval,train,train,train
Singer9_ClearVoice_Mid_u.wav,train,eval,train,valid
Singer9_DeathGrowl_Low_a.wav,valid,eval,valid,train
Singer9_DeathGrowl_Low_i.wav,valid,eval,valid,train
Singer9_DeathGrowl_Low_lyrics.wav,valid,train,valid,eval
Singer9_DeathGrowl_Low_u.wav,valid,train,train,eval
Singer9_DeathGrowl_Mid_a.wav,train,valid,train,eval
Singer9_DeathGrowl_Mid_a_2.wav,valid,valid,valid,eval
Singer9_DeathGrowl_Mid_i.wav,eval,valid,train,valid
Singer9_DeathGrowl_Mid_i_2.wav,eval,train,valid,train
Singer9_DeathGrowl_Mid_lyrics.wav,eval,train,train,train
Singer9_DeathGrowl_Mid_lyrics_2.wav,train,valid,eval,train
Singer9_DeathGrowl_Mid_u.wav,train,eval,valid,train
Singer9_DeathGrowl_Mid_u_2.wav,train,train,eval,valid
Singer9_GrindInhale_a.wav,None,None,None,None
Singer9_GrindInhale_i.wav,None,None,None,None
Singer9_GrindInhale_lyrics.wav,None,None,None,None
Singer9_GrindInhale_u.wav,None,None,None,None
Singer9_HardcoreScream_High_a.wav,None,None,None,None
Singer9_HardcoreScream_High_i.wav,None,None,None,None
Singer9_HardcoreScream_High_lyrics.wav,None,None,None,None
Singer9_HardcoreScream_High_u.wav,None,None,None,None
Singer9_HardcoreScream_Low_a.wav,None,None,None,None
Singer9_HardcoreScream_Low_i.wav,None,None,None,None
Singer9_HardcoreScream_Low_lyrics.wav,None,None,None,None
Singer9_HardcoreScream_Low_u.wav,None,None,None,None
Singer9_HardcoreScream_Mid_a.wav,None,None,None,None
Singer9_HardcoreScream_Mid_i.wav,None,None,None,None
Singer9_HardcoreScream_Mid_lyrics.wav,None,None,None,None
Singer9_HardcoreScream_Mid_u.wav,None,None,None,None
Singer10_Effect_TunnelThroat.wav,None,None,None,None
Singer10_Other_InhaleGuttural.wav,None,None,None,None
Singer10_Other_Warthog.wav,None,None,None,None
Singer10_BlackShriek_High_a.wav,eval,valid,valid,valid
Singer10_BlackShriek_High_i.wav,None,None,None,None
Singer10_BlackShriek_High_lyrics.wav,None,None,None,None
Singer10_BlackShriek_High_u.wav,None,None,None,None
Singer10_BlackShriek_Mid_a.wav,None,None,None,None
Singer10_BlackShriek_Mid_i.wav,None,None,None,None
Singer10_BlackShriek_Mid_lyrics.wav,None,None,None,None
Singer10_BlackShriek_Mid_u.wav,None,None,None,None
Singer10_ClearVoice_High_a.wav,valid,train,eval,train
Singer10_ClearVoice_High_lyrics.wav,train,train,valid,eval
Singer10_ClearVoice_High_u.wav,train,eval,train,valid
Singer10_ClearVoice_Low_a.wav,train,eval,valid,train
Singer10_ClearVoice_Low_i.wav,eval,train,train,train
Singer10_ClearVoice_Low_lyrics.wav,train,train,valid,eval
Singer10_ClearVoice_Low_u.wav,valid,eval,valid,train
Singer10_ClearVoice_Mid_a.wav,eval,train,train,train
Singer10_ClearVoice_Mid_i.wav,eval,valid,train,valid
Singer10_ClearVoice_Mid_lyrics.wav,train,train,eval,train
Singer10_ClearVoice_Mid_u.wav,train,eval,train,valid
Singer10_DeathGrowl_Low_a.wav,train,valid,train,eval
Singer10_DeathGrowl_Low_i.wav,train,eval,valid,train
Singer10_DeathGrowl_Low_lyrics.wav,eval,train,train,train
Singer10_DeathGrowl_Low_u.wav,valid,train,train,eval
Singer10_DeathGrowl_Mid_a.wav,valid,train,train,eval
Singer10_DeathGrowl_Mid_i.wav,train,train,eval,train
Singer10_DeathGrowl_Mid_lyrics.wav,train,eval,train,train
Singer10_DeathGrowl_Mid_u.wav,train,valid,eval,train
Singer10_HardcoreScream_High_a.wav,None,None,None,None
Singer10_HardcoreScream_High_i.wav,None,None,None,None
Singer10_HardcoreScream_High_lyrics.wav,None,None,None,None
Singer10_HardcoreScream_High_u.wav,None,None,None,None
Singer10_HardcoreScream_Low_a.wav,None,None,None,None
Singer10_HardcoreScream_Low_i.wav,None,None,None,None
Singer10_HardcoreScream_Low_lyrics.wav,None,None,None,None
Singer10_HardcoreScream_Low_u.wav,None,None,None,None
Singer10_HardcoreScream_Mid_a.wav,None,None,None,None
Singer10_HardcoreScream_Mid_i.wav,None,None,None,None
Singer10_HardcoreScream_Mid_lyrics.wav,None,None,None,None
Singer10_HardcoreScream_Mid_u.wav,None,None,None,None
Singer11_Effect_DeepGutturals.wav,None,None,None,None
Singer11_Effect_PigSqueal.wav,None,None,None,None
Singer11_Effect_TunnelThroat.wav,None,None,None,None
Singer11_Effect_TunnelThroat_2.wav,None,None,None,None
Singer11_Other_DryDeathGrowl_Mid_a.wav,None,None,None,None
Singer11_Other_DryDeathGrowl_Mid_i.wav,None,None,None,None
Singer11_Other_DryDeathGrowl_Mid_lyrics.wav,None,None,None,None
Singer11_Other_DryDeathGrowl_Mid_u.wav,None,None,None,None
Singer11_Other_PigSquealExhale.wav,None,None,None,None
Singer11_BlackShriek_High_a.wav,None,None,None,None
Singer11_BlackShriek_High_i.wav,None,None,None,None
Singer11_BlackShriek_High_lyrics.wav,None,None,None,None
Singer11_BlackShriek_High_u.wav,None,None,None,None
Singer11_BlackShriek_Mid_a.wav,valid,train,eval,valid
Singer11_BlackShriek_Mid_i.wav,train,train,eval,train
Singer11_BlackShriek_Mid_lyrics.wav,train,train,train,eval
Singer11_BlackShriek_Mid_u.wav,None,None,None,None
Singer11_ClearVoice_High_a.wav,eval,valid,train,train
Singer11_ClearVoice_High_i.wav,train,valid,train,eval
Singer11_ClearVoice_High_lyrics.wav,valid,eval,train,valid
Singer11_ClearVoice_High_u.wav,eval,train,train,valid
Singer11_ClearVoice_Low_a.wav,train,eval,valid,valid
Singer11_ClearVoice_Low_i.wav,train,train,valid,eval
Singer11_ClearVoice_Low_lyrics.wav,train,train,eval,train
Singer11_ClearVoice_Low_u.wav,train,eval,valid,train
Singer11_ClearVoice_Mid_a.wav,train,train,train,eval
Singer11_ClearVoice_Mid_i.wav,valid,train,valid,eval
Singer11_ClearVoice_Mid_lyrics.wav,train,eval,train,train
Singer11_ClearVoice_Mid_u.wav,valid,valid,eval,train
Singer11_DeathGrowl_Low_a.wav,None,None,None,None
Singer11_DeathGrowl_Low_i.wav,None,None,None,None
Singer11_DeathGrowl_Low_lyrics.wav,None,None,None,None
Singer11_DeathGrowl_Low_u.wav,None,None,None,None
Singer11_DeathGrowl_Mid_a.wav,None,None,None,None
Singer11_DeathGrowl_Mid_i.wav,None,None,None,None
Singer11_DeathGrowl_Mid_lyrics.wav,None,None,None,None
Singer11_DeathGrowl_Mid_u.wav,None,None,None,None
Singer11_GrindInhale_a.wav,None,None,None,None
Singer11_GrindInhale_i.wav,None,None,None,None
Singer11_GrindInhale_lyrics.wav,None,None,None,None
Singer11_GrindInhale_u.wav,None,None,None,None
Singer11_HardcoreScream_High_a.wav,valid,train,valid,eval
Singer11_HardcoreScream_High_i.wav,train,train,train,eval
Singer11_HardcoreScream_High_lyrics.wav,train,valid,train,eval
Singer11_HardcoreScream_High_u.wav,valid,train,train,eval
Singer11_HardcoreScream_Low_a.wav,train,valid,eval,train
Singer11_HardcoreScream_Low_i.wav,valid,valid,train,eval
Singer11_HardcoreScream_Low_lyrics.wav,train,train,eval,train
Singer11_HardcoreScream_Low_u.wav,eval,valid,train,valid
Singer11_HardcoreScream_Mid_a.wav,valid,train,valid,eval
Singer11_HardcoreScream_Mid_i.wav,train,valid,eval,train
Singer11_HardcoreScream_Mid_lyrics.wav,eval,train,train,train
Singer11_HardcoreScream_Mid_u.wav,train,eval,valid,train
Singer12_Effect_DeepGutturals.wav,None,None,None,None
Singer12_Effect_PigSqueal.wav,None,None,None,None
Singer12_Effect_TunnelThroat.wav,None,None,None,None
Singer12_Effect_TunnelThroat_2.wav,None,None,None,None
Singer12_Other_QuickSwitch.wav,None,None,None,None
Singer12_Other_QuickSwitch_2.wav,None,None,None,None
Singer12_Other_SingingScream_Mid_a.wav,None,None,None,None
Singer12_Other_SingingScream_Mid_i.wav,None,None,None,None
Singer12_Other_SingingScream_Mid_lyrics.wav,None,None,None,None
Singer12_Other_SingingScream_Mid_u.wav,None,None,None,None
Singer12_BlackShriek_High_a.wav,None,None,None,None
Singer12_BlackShriek_High_i.wav,None,None,None,None
Singer12_BlackShriek_High_lyrics.wav,None,None,None,None
Singer12_BlackShriek_High_u.wav,None,None,None,None
Singer12_BlackShriek_Mid_a.wav,valid,valid,eval,valid
Singer12_BlackShriek_Mid_i.wav,valid,valid,valid,eval
Singer12_BlackShriek_Mid_lyrics.wav,valid,valid,eval,train
Singer12_BlackShriek_Mid_u.wav,None,None,None,None
Singer12_ClearVoice_High_a.wav,train,train,train,eval
Singer12_ClearVoice_High_i.wav,valid,train,valid,eval
Singer12_ClearVoice_High_lyrics.wav,train,train,train,eval
Singer12_ClearVoice_High_u.wav,train,eval,train,valid
Singer12_ClearVoice_Low_a.wav,eval,valid,train,valid
Singer12_ClearVoice_Low_i.wav,eval,valid,train,train
Singer12_ClearVoice_Low_lyrics.wav,valid,valid,train,eval
Singer12_ClearVoice_Low_u.wav,eval,train,valid,train
Singer12_ClearVoice_Mid_a.wav,train,train,eval,valid
Singer12_ClearVoice_Mid_i.wav,eval,valid,train,valid
Singer12_ClearVoice_Mid_lyrics.wav,eval,train,train,train
Singer12_ClearVoice_Mid_u.wav,eval,train,train,valid
Singer12_DeathGrowl_Low_a.wav,eval,train,train,valid
Singer12_DeathGrowl_Low_i.wav,eval,valid,valid,valid
Singer12_DeathGrowl_Low_lyrics.wav,eval,valid,train,valid
Singer12_DeathGrowl_Low_u.wav,valid,eval,train,train
Singer12_DeathGrowl_Mid_a.wav,valid,train,train,eval
Singer12_DeathGrowl_Mid_i.wav,eval,train,valid,train
Singer12_DeathGrowl_Mid_lyrics.wav,eval,train,train,train
Singer12_DeathGrowl_Mid_u.wav,eval,train,train,train
Singer12_GrindInhale_a.wav,None,None,None,None
Singer12_GrindInhale_a_2.wav,None,None,None,None
Singer12_GrindInhale_i.wav,None,None,None,None
Singer12_GrindInhale_i_2.wav,None,None,None,None
Singer12_GrindInhale_lyrics.wav,None,None,None,None
Singer12_GrindInhale_lyrics_2.wav,None,None,None,None
Singer12_GrindInhale_u.wav,None,None,None,None
Singer12_GrindInhale_u_2.wav,None,None,None,None
Singer12_HardcoreScream_High_a.wav,valid,train,eval,train
Singer12_HardcoreScream_High_i.wav,valid,valid,eval,train
Singer12_HardcoreScream_High_lyrics.wav,eval,valid,train,train
Singer12_HardcoreScream_High_u.wav,eval,valid,train,train
Singer12_HardcoreScream_Low_a.wav,valid,train,eval,valid
Singer12_HardcoreScream_Low_i.wav,train,eval,valid,train
Singer12_HardcoreScream_Low_lyrics.wav,eval,valid,valid,train
Singer12_HardcoreScream_Low_u.wav,train,train,eval,train
Singer12_HardcoreScream_Mid_a.wav,valid,eval,valid,valid
Singer12_HardcoreScream_Mid_i.wav,train,valid,valid,eval
Singer12_HardcoreScream_Mid_lyrics.wav,train,eval,valid,valid
Singer12_HardcoreScream_Mid_u.wav,valid,valid,valid,eval
Singer13_BlackShriek_High_a.wav,train,valid,eval,train
Singer13_BlackShriek_High_i.wav,eval,train,train,valid
Singer13_BlackShriek_High_lyrics.wav,train,train,eval,valid
Singer13_BlackShriek_High_u.wav,train,train,eval,train
Singer13_DeathGrowl_Low_a.wav,train,eval,train,train
Singer13_DeathGrowl_Low_i.wav,train,eval,train,train
Singer13_DeathGrowl_Low_lyrics.wav,valid,train,eval,valid
Singer13_DeathGrowl_Low_u.wav,valid,train,valid,eval
Singer13_DeathGrowl_Mid_a.wav,train,eval,valid,train
Singer13_DeathGrowl_Mid_i.wav,eval,train,valid,train
Singer13_DeathGrowl_Mid_lyrics.wav,train,eval,train,valid
Singer13_DeathGrowl_Mid_u.wav,train,train,eval,valid
Singer14_Effect_DeepGutturals.wav,None,None,None,None
Singer14_Effect_TunnelThroat.wav,None,None,None,None
Singer14_Other_ClearDeathGrowl_Mid_a.wav,None,None,None,None
Singer14_Other_ClearDeathGrowl_Mid_i.wav,None,None,None,None
Singer14_Other_ClearDeathGrowl_Mid_lyrics.wav,None,None,None,None
Singer14_Other_ClearDeathGrowl_Mid_u.wav,None,None,None,None
Singer14_BlackShriek_High_a.wav,eval,train,train,train
Singer14_BlackShriek_High_i.wav,eval,valid,train,valid
Singer14_BlackShriek_High_lyrics.wav,train,train,eval,train
Singer14_BlackShriek_High_u.wav,None,None,None,None
Singer14_BlackShriek_Mid_a.wav,None,None,None,None
Singer14_BlackShriek_Mid_i.wav,None,None,None,None
Singer14_BlackShriek_Mid_lyrics.wav,None,None,None,None
Singer14_BlackShriek_Mid_u.wav,None,None,None,None
Singer14_ClearVoice_High_a.wav,train,eval,train,train
Singer14_ClearVoice_High_i.wav,train,eval,train,train
Singer14_ClearVoice_High_lyrics.wav,train,eval,valid,train
Singer14_ClearVoice_High_u.wav,valid,eval,valid,train
Singer14_ClearVoice_Low_a.wav,train,eval,valid,train
Singer14_ClearVoice_Low_i.wav,train,train,eval,train
Singer14_ClearVoice_Low_lyrics.wav,train,train,train,eval
Singer14_ClearVoice_Low_u.wav,train,valid,train,eval
Singer14_ClearVoice_Mid_a.wav,valid,eval,train,train
Singer14_ClearVoice_Mid_i.wav,train,train,eval,train
Singer14_ClearVoice_Mid_lyrics.wav,train,train,eval,train
Singer14_ClearVoice_Mid_u.wav,train,eval,train,train
Singer14_DeathGrowl_Low_a.wav,valid,eval,train,train
Singer14_DeathGrowl_Low_i.wav,eval,train,valid,train
Singer14_DeathGrowl_Low_lyrics.wav,valid,train,eval,train
Singer14_DeathGrowl_Low_u.wav,train,eval,valid,train
Singer14_DeathGrowl_Mid_a.wav,eval,train,train,train
Singer14_DeathGrowl_Mid_i.wav,eval,train,train,train
Singer14_DeathGrowl_Mid_lyrics.wav,valid,valid,train,eval
Singer14_DeathGrowl_Mid_u.wav,train,valid,eval,train
Singer15_BlackShriek_High_a.wav,None,None,None,None
Singer15_BlackShriek_High_i.wav,None,None,None,None
Singer15_BlackShriek_High_lyrics.wav,None,None,None,None
Singer15_BlackShriek_High_u.wav,None,None,None,None
Singer15_BlackShriek_Mid_a.wav,None,None,None,None
Singer15_BlackShriek_Mid_i.wav,None,None,None,None
Singer15_BlackShriek_Mid_lyrics.wav,None,None,None,None
Singer15_BlackShriek_Mid_u.wav,None,None,None,None
Singer15_ClearVoice_High_a.wav,train,train,eval,train
Singer15_ClearVoice_High_i.wav,train,train,train,eval
Singer15_ClearVoice_High_lyrics.wav,train,eval,train,valid
Singer15_ClearVoice_High_u.wav,eval,valid,valid,train
Singer15_ClearVoice_Low_a.wav,train,train,train,eval
Singer15_ClearVoice_Low_i.wav,train,train,eval,train
Singer15_ClearVoice_Low_lyrics.wav,train,eval,valid,valid
Singer15_ClearVoice_Low_u.wav,eval,train,valid,valid
Singer15_ClearVoice_Mid_a.wav,valid,eval,train,train
Singer15_ClearVoice_Mid_i.wav,train,eval,valid,train
Singer15_ClearVoice_Mid_lyrics.wav,train,train,eval,train
Singer15_ClearVoice_Mid_u.wav,valid,train,train,eval
Singer15_DeathGrowl_Low_a.wav,None,None,None,None
Singer15_DeathGrowl_Low_i.wav,None,None,None,None
Singer15_DeathGrowl_Low_lyrics.wav,None,None,None,None
Singer15_DeathGrowl_Low_u.wav,None,None,None,None
Singer15_DeathGrowl_Mid_a.wav,None,None,None,None
Singer15_DeathGrowl_Mid_i.wav,None,None,None,None
Singer15_DeathGrowl_Mid_lyrics.wav,None,None,None,None
Singer15_DeathGrowl_Mid_u.wav,None,None,None,None
Singer15_HardcoreScream_High_a.wav,eval,valid,train,train
Singer15_HardcoreScream_High_i.wav,train,train,train,eval
Singer15_HardcoreScream_High_lyrics.wav,train,train,eval,train
Singer15_HardcoreScream_High_u.wav,train,valid,eval,valid
Singer15_HardcoreScream_Low_a.wav,valid,valid,train,eval
Singer15_HardcoreScream_Low_i.wav,train,train,train,eval
Singer15_HardcoreScream_Low_lyrics.wav,train,train,eval,train
Singer15_HardcoreScream_Low_u.wav,valid,eval,valid,train
Singer15_HardcoreScream_Mid_a.wav,valid,eval,train,train
Singer15_HardcoreScream_Mid_i.wav,train,train,train,eval
Singer15_HardcoreScream_Mid_lyrics.wav,train,train,eval,train
Singer15_HardcoreScream_Mid_u.wav,train,train,train,eval
Singer16_Effect_PigSqueal.wav,None,None,None,None
Singer16_BlackShriek_High_a.wav,None,None,None,None
Singer16_BlackShriek_High_i.wav,None,None,None,None
Singer16_BlackShriek_High_lyrics.wav,None,None,None,None
Singer16_BlackShriek_High_u.wav,None,None,None,None
Singer16_BlackShriek_Mid_a.wav,None,None,None,None
Singer16_BlackShriek_Mid_i.wav,None,None,None,None
Singer16_BlackShriek_Mid_lyrics.wav,None,None,None,None
Singer16_BlackShriek_Mid_u.wav,None,None,None,None
Singer16_ClearVoice_High_a.wav,train,eval,train,valid
Singer16_ClearVoice_High_i.wav,train,eval,train,train
Singer16_ClearVoice_High_lyrics.wav,train,train,train,eval
Singer16_ClearVoice_High_u.wav,valid,valid,eval,train
Singer16_ClearVoice_Low_a.wav,train,valid,train,eval
Singer16_ClearVoice_Low_i.wav,train,valid,train,eval
Singer16_ClearVoice_Low_lyrics.wav,eval,valid,train,valid
Singer16_ClearVoice_Low_u.wav,train,eval,train,train
Singer16_ClearVoice_Mid_a.wav,train,train,eval,valid
Singer16_ClearVoice_Mid_i.wav,train,eval,train,valid
Singer16_ClearVoice_Mid_lyrics.wav,train,train,eval,train
Singer16_ClearVoice_Mid_u.wav,train,eval,train,valid
Singer16_DeathGrowl_Low_a.wav,eval,train,train,train
Singer16_DeathGrowl_Low_i.wav,train,train,train,eval
Singer16_DeathGrowl_Low_lyrics.wav,train,eval,train,valid
Singer16_DeathGrowl_Low_u.wav,train,train,eval,valid
Singer16_DeathGrowl_Mid_a.wav,train,eval,train,train
Singer16_DeathGrowl_Mid_i.wav,eval,train,train,train
Singer16_DeathGrowl_Mid_lyrics.wav,train,eval,train,train
Singer16_DeathGrowl_Mid_u.wav,train,valid,eval,train
Singer16_GrindInhale_a.wav,None,None,None,None
Singer16_GrindInhale_i.wav,None,None,None,None
Singer16_GrindInhale_lyrics.wav,None,None,None,None
Singer16_GrindInhale_u.wav,None,None,None,None
Singer16_HardcoreScream_High_a.wav,train,train,train,eval
Singer16_HardcoreScream_High_a_2.wav,train,eval,train,train
Singer16_HardcoreScream_High_i.wav,valid,train,eval,train
Singer16_HardcoreScream_High_i_2.wav,eval,valid,train,valid
Singer16_HardcoreScream_High_lyrics.wav,train,valid,eval,train
Singer16_HardcoreScream_High_lyrics_2.wav,train,train,eval,train
Singer16_HardcoreScream_High_u.wav,valid,train,eval,train
Singer16_HardcoreScream_High_u_2.wav,train,valid,train,eval
Singer16_HardcoreScream_Low_a.wav,valid,eval,train,train
Singer16_HardcoreScream_Low_a_2.wav,train,train,train,eval
Singer16_HardcoreScream_Low_i.wav,train,eval,valid,train
Singer16_HardcoreScream_Low_i_2.wav,train,eval,train,train
Singer16_HardcoreScream_Low_lyrics.wav,eval,train,train,valid
Singer16_HardcoreScream_Low_lyrics_2.wav,train,eval,train,train
Singer16_HardcoreScream_Low_u.wav,valid,eval,train,valid
Singer16_HardcoreScream_Low_u_2.wav,valid,eval,valid,train
Singer16_HardcoreScream_Mid_a.wav,eval,train,valid,train
Singer16_HardcoreScream_Mid_a_2.wav,train,valid,eval,valid
Singer16_HardcoreScream_Mid_a_3.wav,train,eval,valid,train
Singer16_HardcoreScream_Mid_i.wav,train,eval,valid,train
Singer16_HardcoreScream_Mid_i_2.wav,eval,train,train,train
Singer16_HardcoreScream_Mid_i_3.wav,eval,valid,valid,train
Singer16_HardcoreScream_Mid_lyrics.wav,eval,valid,train,valid
Singer16_HardcoreScream_Mid_lyrics_3.wav,valid,train,valid,eval
Singer16_HardcoreScream_Mid_u.wav,valid,train,train,eval
Singer16_HardcoreScream_Mid_u_2.wav,valid,eval,train,valid
Singer16_HardcoreScream_Mid_u_3.wav,valid,eval,train,valid
Singer17_Effect_DeepGutturals.wav,None,None,None,None
Singer17_Effect_PigSqueal.wav,None,None,None,None
Singer17_Effect_TunnelThroat.wav,None,None,None,None
Singer17_BlackShriek_High_a.wav,eval,train,valid,train
Singer17_BlackShriek_High_i.wav,valid,train,train,eval
Singer17_BlackShriek_High_lyrics.wav,eval,train,train,train
Singer17_BlackShriek_High_u.wav,eval,train,train,train
Singer17_BlackShriek_Mid_a.wav,train,train,train,eval
Singer17_BlackShriek_Mid_i.wav,eval,train,train,valid
Singer17_BlackShriek_Mid_lyrics.wav,eval,train,train,valid
Singer17_BlackShriek_Mid_u.wav,None,None,None,None
Singer17_ClearVoice_High_a.wav,eval,train,valid,valid
Singer17_ClearVoice_High_i.wav,eval,train,train,train
Singer17_ClearVoice_High_lyrics.wav,train,valid,train,eval
Singer17_ClearVoice_High_u.wav,eval,train,train,train
Singer17_ClearVoice_Low_a.wav,eval,valid,train,valid
Singer17_ClearVoice_Low_i.wav,train,eval,valid,train
Singer17_ClearVoice_Low_lyrics.wav,train,eval,train,valid
Singer17_ClearVoice_Low_u.wav,valid,eval,train,train
Singer17_ClearVoice_Mid_a.wav,train,train,eval,valid
Singer17_ClearVoice_Mid_i.wav,train,train,train,eval
Singer17_ClearVoice_Mid_lyrics.wav,train,eval,valid,train
Singer17_ClearVoice_Mid_u.wav,train,train,train,eval
Singer17_DeathGrowl_Low_a.wav,valid,train,valid,eval
Singer17_DeathGrowl_Low_i.wav,train,train,eval,train
Singer17_DeathGrowl_Low_lyrics.wav,eval,train,train,train
Singer17_DeathGrowl_Low_u.wav,train,train,train,eval
Singer17_DeathGrowl_Mid_a.wav,valid,eval,valid,valid
Singer17_DeathGrowl_Mid_i.wav,valid,train,eval,train
Singer17_DeathGrowl_Mid_lyrics.wav,eval,train,valid,train
Singer17_DeathGrowl_Mid_u.wav,valid,train,valid,eval
Singer17_GrindInhale_a.wav,None,None,None,None
Singer17_GrindInhale_i.wav,None,None,None,None
Singer17_GrindInhale_lyrics.wav,None,None,None,None
Singer17_GrindInhale_u.wav,None,None,None,None
Singer17_HardcoreScream_High_a.wav,None,None,None,None
Singer17_HardcoreScream_High_i.wav,None,None,None,None
Singer17_HardcoreScream_High_lyrics.wav,None,None,None,None
Singer17_HardcoreScream_Low_a.wav,None,None,None,None
Singer17_HardcoreScream_Low_i.wav,None,None,None,None
Singer17_HardcoreScream_Low_lyrics.wav,None,None,None,None
Singer17_HardcoreScream_Low_u.wav,None,None,None,None
Singer17_HardcoreScream_Mid_a.wav,None,None,None,None
Singer17_HardcoreScream_Mid_i.wav,None,None,None,None
Singer17_HardcoreScream_Mid_lyrics.wav,None,None,None,None
Singer17_HardcoreScream_Mid_u.wav,None,None,None,None
Singer18_Effect_DeepGutturals.wav,None,None,None,None
Singer18_Effect_TunnelThroat.wav,None,None,None,None
Singer18_Other_PigSquealExhale.wav,None,None,None,None
Singer18_BlackShriek_High_a.wav,None,None,None,None
Singer18_BlackShriek_High_i.wav,None,None,None,None
Singer18_BlackShriek_High_lyrics.wav,None,None,None,None
Singer18_BlackShriek_High_u.wav,None,None,None,None
Singer18_BlackShriek_Mid_a.wav,None,None,None,None
Singer18_BlackShriek_Mid_i.wav,None,None,None,None
Singer18_BlackShriek_Mid_lyrics.wav,None,None,None,None
Singer18_BlackShriek_Mid_u.wav,None,None,None,None
Singer18_ClearVoice_High_a.wav,train,train,eval,train
Singer18_ClearVoice_High_i.wav,train,valid,eval,train
Singer18_ClearVoice_High_lyrics.wav,train,eval,train,train
Singer18_ClearVoice_High_u.wav,train,train,eval,train
Singer18_ClearVoice_Low_a.wav,train,eval,train,valid
Singer18_ClearVoice_Low_i.wav,eval,valid,train,train
Singer18_ClearVoice_Low_lyrics.wav,eval,train,train,valid
Singer18_ClearVoice_Low_u.wav,eval,train,train,valid
Singer18_ClearVoice_Mid_a.wav,valid,eval,train,train
Singer18_ClearVoice_Mid_i.wav,eval,valid,train,valid
Singer18_ClearVoice_Mid_lyrics.wav,train,eval,train,train
Singer18_ClearVoice_Mid_u.wav,train,eval,train,valid
Singer18_DeathGrowl_Low_a.wav,None,None,None,None
Singer18_DeathGrowl_Low_i.wav,None,None,None,None
Singer18_DeathGrowl_Low_lyrics.wav,None,None,None,None
Singer18_DeathGrowl_Low_u.wav,None,None,None,None
Singer18_DeathGrowl_Mid_a.wav,None,None,None,None
Singer18_DeathGrowl_Mid_i.wav,None,None,None,None
Singer18_DeathGrowl_Mid_lyrics.wav,None,None,None,None
Singer18_DeathGrowl_Mid_u.wav,None,None,None,None
Singer18_HardcoreScream_High_a.wav,None,None,None,None
Singer18_HardcoreScream_High_i.wav,None,None,None,None
Singer18_HardcoreScream_High_lyrics.wav,None,None,None,None
Singer18_HardcoreScream_High_u.wav,None,None,None,None
Singer18_HardcoreScream_Low_a.wav,train,train,valid,eval
Singer18_HardcoreScream_Low_i.wav,train,eval,train,valid
Singer18_HardcoreScream_Low_lyrics.wav,eval,valid,train,train
Singer18_HardcoreScream_Low_u.wav,valid,valid,train,eval
Singer18_HardcoreScream_Mid_a.wav,None,None,None,None
Singer18_HardcoreScream_Mid_i.wav,None,None,None,None
Singer18_HardcoreScream_Mid_lyrics.wav,None,None,None,None
Singer18_HardcoreScream_Mid_u.wav,None,None,None,None
Singer19_BlackShriek_Mid_a.wav,None,None,None,None
Singer19_BlackShriek_Mid_i.wav,None,None,None,None
Singer19_BlackShriek_Mid_lyrics.wav,None,None,None,None
Singer19_BlackShriek_Mid_u.wav,None,None,None,None
Singer19_ClearVoice_High_a.wav,train,train,eval,train
Singer19_ClearVoice_High_i.wav,train,eval,train,valid
Singer19_ClearVoice_High_lyrics.wav,train,eval,valid,train
Singer19_ClearVoice_High_u.wav,eval,valid,train,train
Singer19_ClearVoice_Low_a.wav,train,train,valid,eval
Singer19_ClearVoice_Low_i.wav,eval,train,train,train
Singer19_ClearVoice_Low_lyrics.wav,eval,train,valid,train
Singer19_ClearVoice_Low_u.wav,train,train,eval,train
Singer19_ClearVoice_Mid_a.wav,train,eval,valid,train
Singer19_ClearVoice_Mid_i.wav,train,train,eval,train
Singer19_ClearVoice_Mid_lyrics.wav,train,train,eval,train
Singer19_ClearVoice_Mid_u.wav,eval,train,valid,train
Singer19_DeathGrowl_Low_a.wav,None,None,None,None
Singer19_DeathGrowl_Low_i.wav,None,None,None,None
Singer19_DeathGrowl_Low_lyrics.wav,None,None,None,None
Singer19_DeathGrowl_Low_u.wav,None,None,None,None
Singer19_DeathGrowl_Mid_a.wav,None,None,None,None
Singer19_DeathGrowl_Mid_i.wav,None,None,None,None
Singer19_DeathGrowl_Mid_lyrics.wav,None,None,None,None
Singer19_DeathGrowl_Mid_u.wav,None,None,None,None
Singer19_HardcoreScream_High_a.wav,train,eval,train,train
Singer19_HardcoreScream_High_i.wav,train,eval,train,valid
Singer19_HardcoreScream_High_lyrics.wav,train,train,eval,train
Singer19_HardcoreScream_High_u.wav,eval,train,train,train
Singer19_HardcoreScream_Low_a.wav,eval,valid,train,valid
Singer19_HardcoreScream_Low_i.wav,train,train,valid,eval
Singer19_HardcoreScream_Low_lyrics.wav,train,eval,train,train
Singer19_HardcoreScream_Low_u.wav,valid,train,eval,train
Singer19_HardcoreScream_Mid_a.wav,train,train,eval,train
Singer19_HardcoreScream_Mid_i.wav,eval,train,train,train
Singer19_HardcoreScream_Mid_lyrics.wav,eval,train,valid,train
Singer19_HardcoreScream_Mid_u.wav,train,train,train,eval
Singer20_Effect_PigSqueal.wav,None,None,None,None
Singer20_BlackShriek_High_a.wav,None,None,None,None
Singer20_BlackShriek_High_i.wav,None,None,None,None
Singer20_BlackShriek_High_lyrics.wav,None,None,None,None
Singer20_BlackShriek_High_u.wav,None,None,None,None
Singer20_BlackShriek_Mid_a.wav,None,None,None,None
Singer20_BlackShriek_Mid_i.wav,None,None,None,None
Singer20_BlackShriek_Mid_lyrics.wav,None,None,None,None
Singer20_BlackShriek_Mid_u.wav,None,None,None,None
Singer20_ClearVoice_High_a.wav,train,eval,train,train
Singer20_ClearVoice_High_i.wav,train,eval,train,train
Singer20_ClearVoice_High_lyrics.wav,train,eval,train,valid
Singer20_ClearVoice_High_u.wav,valid,train,train,eval
Singer20_ClearVoice_Low_a.wav,valid,eval,train,train
Singer20_ClearVoice_Low_i.wav,valid,train,eval,train
Singer20_ClearVoice_Low_lyrics.wav,train,train,eval,train
Singer20_ClearVoice_Low_u.wav,train,train,train,eval
Singer20_ClearVoice_Mid_a.wav,valid,train,eval,train
Singer20_ClearVoice_Mid_i.wav,train,train,train,eval
Singer20_ClearVoice_Mid_lyrics.wav,train,train,eval,valid
Singer20_ClearVoice_Mid_u.wav,valid,eval,train,train
Singer20_DeathGrowl_Low_a.wav,None,None,None,None
Singer20_DeathGrowl_Low_i.wav,None,None,None,None
Singer20_DeathGrowl_Low_lyrics.wav,None,None,None,None
Singer20_DeathGrowl_Low_u.wav,None,None,None,None
Singer20_DeathGrowl_Mid_a.wav,None,None,None,None
Singer20_DeathGrowl_Mid_i.wav,None,None,None,None
Singer20_DeathGrowl_Mid_lyrics.wav,None,None,None,None
Singer20_DeathGrowl_Mid_u.wav,None,None,None,None
Singer20_HardcoreScream_High_a.wav,None,None,None,None
Singer20_HardcoreScream_High_i.wav,None,None,None,None
Singer20_HardcoreScream_High_lyrics.wav,None,None,None,None
Singer20_HardcoreScream_High_u.wav,None,None,None,None
Singer20_HardcoreScream_Low_a.wav,None,None,None,None
Singer20_HardcoreScream_Low_i.wav,None,None,None,None
Singer20_HardcoreScream_Low_lyrics.wav,None,None,None,None
Singer20_HardcoreScream_Low_u.wav,None,None,None,None
Singer20_HardcoreScream_Mid_a.wav,None,None,None,None
Singer20_HardcoreScream_Mid_i.wav,None,None,None,None
Singer20_HardcoreScream_Mid_lyrics.wav,None,None,None,None
Singer20_HardcoreScream_Mid_u.wav,None,None,None,None
Singer21_BlackShriek_High_a.wav,train,valid,eval,train
Singer21_BlackShriek_High_i.wav,eval,train,train,train
Singer21_BlackShriek_High_lyrics_1.wav,eval,train,train,train
Singer21_BlackShriek_High_lyrics_2.wav,train,train,eval,train
Singer21_BlackShriek_High_u.wav,None,None,None,None
Singer21_BlackShriek_Mid_a.wav,eval,valid,train,train
Singer21_BlackShriek_Mid_i.wav,eval,valid,train,train
Singer21_BlackShriek_Mid_lyrics.wav,None,None,None,None
Singer21_BlackShriek_Mid_lyrics_2.wav,None,None,None,None
Singer21_BlackShriek_Mid_u.wav,None,None,None,None
Singer21_DeathGrowl_Low_a.wav,train,train,train,eval
Singer21_DeathGrowl_Low_a_2.wav,eval,valid,valid,train
Singer21_DeathGrowl_Low_i.wav,train,eval,valid,train
Singer21_DeathGrowl_Low_i_2.wav,eval,train,valid,train
Singer21_DeathGrowl_Low_lyrics.wav,train,valid,train,eval
Singer21_DeathGrowl_Low_lyrics_2.wav,train,eval,train,valid
Singer21_DeathGrowl_Low_lyrics_3.wav,train,train,eval,train
Singer21_DeathGrowl_Low_lyrics_4.wav,valid,eval,valid,valid
Singer21_DeathGrowl_Low_u.wav,eval,train,train,valid
Singer21_DeathGrowl_Low_u_2.wav,valid,valid,eval,train
Singer22_Effect_DeepGutturals.wav,None,None,None,None
Singer22_Effect_PigSqueal.wav,None,None,None,None
Singer22_Other_PigSquealExhale.wav,None,None,None,None
Singer22_Other_TunnelThroatInhale.wav,None,None,None,None
Singer22_BlackShriek_High_a.wav,train,valid,eval,train
Singer22_BlackShriek_High_i.wav,train,valid,valid,eval
Singer22_BlackShriek_High_lyrics.wav,train,train,valid,eval
Singer22_BlackShriek_High_u.wav,valid,train,valid,eval
Singer22_BlackShriek_Mid_a.wav,valid,valid,eval,valid
Singer22_BlackShriek_Mid_a_2.wav,None,None,None,None
Singer22_BlackShriek_Mid_i.wav,train,valid,valid,eval
Singer22_BlackShriek_Mid_i_2.wav,None,None,None,None
Singer22_BlackShriek_Mid_lyrics.wav,train,eval,train,train
Singer22_BlackShriek_Mid_lyrics_2.wav,None,None,None,None
Singer22_BlackShriek_Mid_u.wav,None,None,None,None
Singer22_BlackShriek_Mid_u_2.wav,None,None,None,None
Singer22_ClearVoice_High_a.wav,eval,valid,train,train
Singer22_ClearVoice_High_i.wav,valid,eval,train,train
Singer22_ClearVoice_High_lyrics.wav,eval,train,train,train
Singer22_ClearVoice_High_u.wav,eval,train,train,train
Singer22_ClearVoice_Low_a.wav,eval,valid,train,train
Singer22_ClearVoice_Low_i.wav,train,train,eval,train
Singer22_ClearVoice_Low_lyrics.wav,train,eval,train,train
Singer22_ClearVoice_Low_u.wav,valid,train,eval,train
Singer22_ClearVoice_Mid_a.wav,valid,valid,eval,train
Singer22_ClearVoice_Mid_i.wav,train,train,valid,eval
Singer22_ClearVoice_Mid_lyrics.wav,valid,train,train,eval
Singer22_ClearVoice_Mid_u.wav,valid,train,eval,train
Singer22_DeathGrowl_Low_a.wav,train,train,valid,eval
Singer22_DeathGrowl_Low_i.wav,eval,valid,train,train
Singer22_DeathGrowl_Low_lyrics.wav,train,valid,eval,train
Singer22_DeathGrowl_Low_u.wav,train,train,valid,eval
Singer22_DeathGrowl_Mid_a.wav,valid,train,eval,train
Singer22_DeathGrowl_Mid_i.wav,train,train,eval,train
Singer22_DeathGrowl_Mid_lyrics.wav,train,train,eval,train
Singer22_DeathGrowl_Mid_u.wav,eval,train,train,valid
Singer22_HardcoreScream_High_a.wav,eval,train,valid,valid
Singer22_HardcoreScream_High_i.wav,valid,train,valid,eval
Singer22_HardcoreScream_High_lyrics.wav,valid,train,eval,valid
Singer22_HardcoreScream_High_u.wav,train,eval,train,train
Singer22_HardcoreScream_Low_a.wav,train,train,eval,train
Singer22_HardcoreScream_Low_i.wav,valid,train,train,eval
Singer22_HardcoreScream_Low_lyrics.wav,valid,train,valid,eval
Singer22_HardcoreScream_Low_u.wav,train,train,eval,train
Singer22_HardcoreScream_Mid_a.wav,train,eval,train,train
Singer22_HardcoreScream_Mid_i.wav,train,train,valid,eval
Singer22_HardcoreScream_Mid_lyrics.wav,valid,valid,train,eval
Singer22_HardcoreScream_Mid_u.wav,eval,valid,train,valid
Singer23_Effect_DeepGutturals.wav,None,None,None,None
Singer23_BlackShriek_High_a.wav,train,valid,eval,valid
Singer23_BlackShriek_High_i.wav,train,train,eval,train
Singer23_BlackShriek_High_lyrics.wav,train,train,train,eval
Singer23_BlackShriek_High_u.wav,valid,train,eval,train
Singer23_BlackShriek_Mid_a.wav,train,train,valid,eval
Singer23_BlackShriek_Mid_i.wav,train,train,valid,eval
Singer23_BlackShriek_Mid_lyrics.wav,train,train,eval,train
Singer23_BlackShriek_Mid_u.wav,train,valid,eval,train
Singer23_ClearVoice_High_a.wav,eval,train,valid,train
Singer23_ClearVoice_High_i.wav,valid,eval,train,valid
Singer23_ClearVoice_High_lyrics.wav,valid,valid,train,eval
Singer23_ClearVoice_High_u.wav,eval,train,train,train
Singer23_ClearVoice_Low_a.wav,valid,valid,eval,valid
Singer23_ClearVoice_Low_i.wav,train,train,train,eval
Singer23_ClearVoice_Low_lyrics.wav,valid,valid,valid,eval
Singer23_ClearVoice_Low_u.wav,train,train,valid,eval
Singer23_ClearVoice_Mid_a.wav,valid,valid,eval,train
Singer23_ClearVoice_Mid_i.wav,eval,valid,train,train
Singer23_ClearVoice_Mid_lyrics.wav,train,eval,train,train
Singer23_ClearVoice_Mid_u.wav,eval,valid,train,valid
Singer23_DeathGrowl_Low_a.wav,train,train,eval,valid
Singer23_DeathGrowl_Low_i.wav,train,train,train,eval
Singer23_DeathGrowl_Low_lyrics.wav,train,eval,valid,valid
Singer23_DeathGrowl_Low_u.wav,train,train,eval,valid
Singer23_DeathGrowl_Mid_a.wav,train,eval,train,train
Singer23_DeathGrowl_Mid_i.wav,None,None,None,None
Singer23_DeathGrowl_Mid_lyrics.wav,None,None,None,None
Singer23_DeathGrowl_Mid_u.wav,valid,train,eval,train
Singer23_HardcoreScream_High_a.wav,None,None,None,None
Singer23_HardcoreScream_High_i.wav,None,None,None,None
Singer23_HardcoreScream_High_lyrics.wav,None,None,None,None
Singer23_HardcoreScream_High_u.wav,None,None,None,None
Singer23_HardcoreScream_Low_a.wav,None,None,None,None
Singer23_HardcoreScream_Low_i.wav,None,None,None,None
Singer23_HardcoreScream_Low_lyrics.wav,None,None,None,None
Singer23_HardcoreScream_Low_u.wav,None,None,None,None
Singer23_HardcoreScream_Mid_a.wav,None,None,None,None
Singer23_HardcoreScream_Mid_i.wav,None,None,None,None
Singer23_HardcoreScream_Mid_lyrics.wav,None,None,None,None
Singer23_HardcoreScream_Mid_u.wav,None,None,None,None
Singer24_Other_ClearHeadVoice_High_a.wav,None,None,None,None
Singer24_Other_ClearHeadVoice_High_i.wav,None,None,None,None
Singer24_Other_ClearHeadVoice_High_lyrics.wav,None,None,None,None
Singer24_Other_ClearHeadVoice_High_u.wav,None,None,None,None
Singer24_Other_ClearHeadVoice_Mid_a.wav,None,None,None,None
Singer24_Other_ClearHeadVoice_Mid_i.wav,None,None,None,None
Singer24_Other_ClearHeadVoice_Mid_lyrics.wav,None,None,None,None
Singer24_Other_ClearHeadVoice_Mid_u.wav,None,None,None,None
Singer24_ClearVoice_High_a.wav,valid,train,eval,valid
Singer24_ClearVoice_High_i.wav,train,eval,train,train
Singer24_ClearVoice_High_lyrics.wav,train,train,eval,valid
Singer24_ClearVoice_High_u.wav,train,train,train,eval
Singer24_ClearVoice_Low_a.wav,train,train,valid,eval
Singer24_ClearVoice_Low_i.wav,train,train,eval,train
Singer24_ClearVoice_Low_lyrics.wav,valid,train,eval,train
Singer24_ClearVoice_Low_u.wav,eval,train,valid,train
Singer24_ClearVoice_Mid_a.wav,eval,train,train,train
Singer24_ClearVoice_Mid_i.wav,valid,train,train,eval
Singer24_ClearVoice_Mid_lyrics.wav,train,valid,valid,eval
Singer24_ClearVoice_Mid_u.wav,eval,valid,train,train
Singer24_HardcoreScream_Mid_a.wav,eval,valid,train,train
Singer24_HardcoreScream_Mid_i.wav,eval,train,train,train
Singer24_HardcoreScream_Mid_lyrics.wav,None,None,None,None
Singer24_HardcoreScream_Mid_u.wav,train,eval,train,valid
Singer25_Effect_DeepGutturals_1.wav,None,None,None,None
Singer25_Effect_DeepGutturals_2.wav,None,None,None,None
Singer25_Effect_PigSqueal_1.wav,None,None,None,None
Singer25_Effect_PigSqueal_2.wav,None,None,None,None
Singer25_Effect_TunnelThroat_1.wav,None,None,None,None
Singer25_Effect_TunnelThroat_2.wav,None,None,None,None
Singer25_BlackShriek_High_a.wav,train,train,eval,train
Singer25_BlackShriek_High_i.wav,train,eval,train,train
Singer25_BlackShriek_High_lyrics.wav,eval,valid,valid,train
Singer25_BlackShriek_High_u.wav,eval,train,train,train
Singer25_BlackShriek_Mid_a.wav,train,train,valid,eval
Singer25_BlackShriek_Mid_i.wav,train,train,train,eval
Singer25_BlackShriek_Mid_lyrics.wav,valid,eval,train,train
Singer25_BlackShriek_Mid_u.wav,eval,train,train,valid
Singer25_ClearVoice_High_a.wav,train,train,train,eval
Singer25_ClearVoice_High_i.wav,eval,train,train,train
Singer25_ClearVoice_High_lyrics.wav,eval,valid,valid,train
Singer25_ClearVoice_High_u.wav,eval,valid,train,valid
Singer25_ClearVoice_Low_a.wav,train,train,eval,valid
Singer25_ClearVoice_Low_i.wav,train,eval,valid,valid
Singer25_ClearVoice_Low_lyrics.wav,train,train,eval,train
Singer25_ClearVoice_Low_u.wav,valid,train,eval,train
Singer25_ClearVoice_Mid_a.wav,valid,train,train,eval
Singer25_ClearVoice_Mid_i.wav,train,eval,train,train
Singer25_ClearVoice_Mid_lyrics.wav,eval,train,train,train
Singer25_ClearVoice_Mid_u.wav,eval,train,train,train
Singer25_DeathGrowl_Low_a.wav,valid,eval,train,train
Singer25_DeathGrowl_Low_i.wav,train,valid,train,eval
Singer25_DeathGrowl_Low_lyrics.wav,eval,valid,train,train
Singer25_DeathGrowl_Low_u.wav,train,eval,train,valid
Singer25_DeathGrowl_Mid_a.wav,train,eval,valid,train
Singer25_DeathGrowl_Mid_i.wav,eval,valid,train,valid
Singer25_DeathGrowl_Mid_lyrics.wav,train,eval,train,valid
Singer25_DeathGrowl_Mid_u.wav,train,train,eval,valid
Singer25_HardcoreScream_High_a.wav,train,train,eval,valid
Singer25_HardcoreScream_High_i.wav,train,train,eval,train
Singer25_HardcoreScream_High_lyrics.wav,eval,train,train,train
Singer25_HardcoreScream_High_u.wav,valid,train,train,eval
Singer25_HardcoreScream_Mid_a.wav,train,eval,valid,train
Singer25_HardcoreScream_Mid_i.wav,train,train,train,eval
Singer25_HardcoreScream_Mid_lyrics.wav,train,valid,eval,train
Singer25_HardcoreScream_Mid_u.wav,train,train,eval,train
Singer26_Effect_DeepGutturals.wav,None,None,None,None
Singer26_Effect_TunnelThroat.wav,None,None,None,None
Singer26_BlackShriek_High_a.wav,None,None,None,None
Singer26_BlackShriek_High_i.wav,None,None,None,None
Singer26_BlackShriek_High_lyrics.wav,None,None,None,None
Singer26_BlackShriek_High_u.wav,None,None,None,None
Singer26_BlackShriek_Mid_a.wav,None,None,None,None
Singer26_BlackShriek_Mid_i.wav,None,None,None,None
Singer26_BlackShriek_Mid_lyrics.wav,None,None,None,None
Singer26_BlackShriek_Mid_u.wav,None,None,None,None
Singer26_ClearVoice_High_a.wav,eval,train,train,valid
Singer26_ClearVoice_High_i.wav,train,valid,eval,train
Singer26_ClearVoice_High_lyrics.wav,train,train,eval,train
Singer26_ClearVoice_High_u.wav,train,train,eval,train
Singer26_ClearVoice_Low_a.wav,valid,train,eval,valid
Singer26_ClearVoice_Low_i.wav,train,eval,train,valid
Singer26_ClearVoice_Low_lyrics.wav,train,eval,train,train
Singer26_ClearVoice_Low_u.wav,eval,train,train,train
Singer26_ClearVoice_Mid_a.wav,train,train,valid,eval
Singer26_ClearVoice_Mid_i.wav,eval,train,train,valid
Singer26_ClearVoice_Mid_lyrics.wav,train,eval,train,train
Singer26_ClearVoice_Mid_u.wav,train,train,eval,valid
Singer26_DeathGrowl_Low_a.wav,eval,train,train,valid
Singer26_DeathGrowl_Low_i.wav,train,eval,valid,train
Singer26_DeathGrowl_Low_lyrics.wav,valid,train,eval,train
Singer26_DeathGrowl_Low_u.wav,train,valid,train,eval
Singer26_DeathGrowl_Mid_a.wav,train,valid,train,eval
Singer26_DeathGrowl_Mid_i.wav,train,valid,eval,train
Singer26_DeathGrowl_Mid_lyrics.wav,valid,train,train,eval
Singer26_DeathGrowl_Mid_u.wav,valid,eval,train,train
Singer26_GrindInhale_a.wav,None,None,None,None
Singer26_GrindInhale_i.wav,None,None,None,None
Singer26_GrindInhale_lyrics.wav,None,None,None,None
Singer26_GrindInhale_u.wav,None,None,None,None
Singer27_ClearVoice_High_a.wav,eval,valid,valid,valid
Singer27_ClearVoice_High_i.wav,train,train,eval,train
Singer27_ClearVoice_High_lyrics.wav,eval,valid,train,valid
Singer27_ClearVoice_High_u.wav,eval,train,valid,train
Singer27_ClearVoice_Low_a.wav,valid,train,eval,train
Singer27_ClearVoice_Low_i.wav,eval,valid,train,valid
Singer27_ClearVoice_Low_lyrics.wav,valid,train,eval,train
Singer27_ClearVoice_Low_u.wav,eval,train,train,train
Singer27_ClearVoice_Mid_a.wav,train,train,valid,eval
Singer27_ClearVoice_Mid_i.wav,train,train,eval,train
Singer27_ClearVoice_Mid_lyrics.wav,valid,valid,eval,train
Singer27_ClearVoice_Mid_u.wav,train,train,eval,train
Singer27_HardcoreScream_Low_a.wav,train,valid,eval,valid
Singer27_HardcoreScream_Low_i.wav,train,train,valid,eval
Singer27_HardcoreScream_Low_lyrics.wav,train,eval,valid,valid
Singer27_HardcoreScream_Low_u.wav,valid,eval,train,train
Singer27_HardcoreScream_Mid_a_2.wav,eval,valid,train,valid
Singer27_HardcoreScream_Mid_a.wav,train,eval,train,train
Singer27_HardcoreScream_Mid_i_2.wav,train,eval,train,train
Singer27_HardcoreScream_Mid_i.wav,train,train,train,eval
Singer27_HardcoreScream_Mid_lyrics_2.wav,valid,train,eval,train
Singer27_HardcoreScream_Mid_u_2.wav,valid,eval,valid,valid
Singer27_HardcoreScream_Mid_u.wav,valid,valid,valid,eval
